method,metric,estimate,ci_lower,ci_upper,bootstrap_resamples,bootstrap_seed,track,noise_level
lorenz_ad,vpt_restricted_lt,9.564444346722322,8.269894722763892,10.706814147951258,10000,2026,known_form_hidden_parameters,0.0
lorenz_ad_tapered,vpt_restricted_lt,9.746602989022934,8.71237100046403,10.63431606447323,10000,2026,known_form_hidden_parameters,0.0
lorenz_ad,nrmse_auc_0_1LT,0.000414210598777984,3.39436145126065e-05,0.0009508237119351193,10000,2026,known_form_hidden_parameters,0.0
lorenz_ad_tapered,nrmse_auc_0_1LT,0.0002438515524643816,4.707250644671357e-05,0.0006498862489516726,10000,2026,known_form_hidden_parameters,0.0
lorenz_ad,nrmse_auc_0_2LT,0.0014519081423637118,9.413973280580871e-05,0.0034207068004955873,10000,2026,known_form_hidden_parameters,0.0
lorenz_ad_tapered,nrmse_auc_0_2LT,0.000842904327939745,0.00014266513252352513,0.0024700064074337485,10000,2026,known_form_hidden_parameters,0.0
lorenz_ad,nrmse_auc_0_5LT,0.010822324184426458,0.0007752567251410424,0.024143228632269222,10000,2026,known_form_hidden_parameters,0.0
lorenz_ad_tapered,nrmse_auc_0_5LT,0.005722085702967373,0.001163371021972276,0.015298553863806503,10000,2026,known_form_hidden_parameters,0.0
lorenz_ad,stability_fraction,1.0,1.0,1.0,10000,2026,known_form_hidden_parameters,0.0
lorenz_ad_tapered,stability_fraction,1.0,1.0,1.0,10000,2026,known_form_hidden_parameters,0.0
lorenz_ad,rq_mmd,0.0005326090996591894,0.00036296548126088784,0.0007180878538090077,10000,2026,known_form_hidden_parameters,0.0
lorenz_ad_tapered,rq_mmd,0.00055900388298916,0.00043408774580866493,0.0006918857841347206,10000,2026,known_form_hidden_parameters,0.0
lorenz_ad,wasserstein_x,0.14994322442343988,0.07327726736427066,0.2520987716153258,10000,2026,known_form_hidden_parameters,0.0
lorenz_ad_tapered,wasserstein_x,0.11693213229110211,0.07920277747180594,0.1646533974801489,10000,2026,known_form_hidden_parameters,0.0
lorenz_ad,wasserstein_y,0.1561167126040895,0.07721342964048102,0.2591311295523925,10000,2026,known_form_hidden_parameters,0.0
lorenz_ad_tapered,wasserstein_y,0.12301044191840883,0.08369138371773782,0.17165697982920972,10000,2026,known_form_hidden_parameters,0.0
lorenz_ad,wasserstein_z,0.051118094596381995,0.024947098798649214,0.0901868280707092,10000,2026,known_form_hidden_parameters,0.0
lorenz_ad_tapered,wasserstein_z,0.04964136457486655,0.031163729718211537,0.08119740320187094,10000,2026,known_form_hidden_parameters,0.0
lorenz_ad,covariance_relative_error,0.007112579836097034,0.00448696435620906,0.010607354324457762,10000,2026,known_form_hidden_parameters,0.0
lorenz_ad_tapered,covariance_relative_error,0.005699503858131527,0.004189605069038591,0.007482039378606002,10000,2026,known_form_hidden_parameters,0.0
lorenz_ad,lyapunov_spectrum_relative_error,0.007193146022715832,0.004432186198193226,0.010841363637964835,10000,2026,known_form_hidden_parameters,0.0
lorenz_ad_tapered,lyapunov_spectrum_relative_error,0.005782245326339788,0.004394446270936819,0.007612395450256076,10000,2026,known_form_hidden_parameters,0.0
lorenz_ad,parameter_relative_error,3.161667913396423e-05,4.790970795607296e-06,7.375487063724117e-05,10000,2026,known_form_hidden_parameters,0.0
lorenz_ad_tapered,parameter_relative_error,1.814074995843936e-05,4.899363480466535e-06,3.778599729010871e-05,10000,2026,known_form_hidden_parameters,0.0
lorenz_ad,training_wall_time_seconds,706.1232684212426,692.0875426751685,722.7789018912707,10000,2026,known_form_hidden_parameters,0.0
lorenz_ad_tapered,training_wall_time_seconds,703.4937447497,691.3409167352846,717.0405676655503,10000,2026,known_form_hidden_parameters,0.0
lorenz_ad,inference_seconds_per_trajectory,0.008430879861892459,0.007969964182387474,0.00899043965747595,10000,2026,known_form_hidden_parameters,0.0
lorenz_ad_tapered,inference_seconds_per_trajectory,0.008505255518442273,0.008150541764310458,0.008977136412431657,10000,2026,known_form_hidden_parameters,0.0
lorenz_ad,vpt_restricted_lt,6.219112703176279,5.83722228809554,6.636570533955252,10000,2026,known_form_hidden_parameters,0.001
lorenz_ad_tapered,vpt_restricted_lt,5.7894230687134005,5.43264613095106,6.199923699133668,10000,2026,known_form_hidden_parameters,0.001
lorenz_ad,nrmse_auc_0_1LT,0.0024832739476657417,0.0016324841101640313,0.0034222881085681704,10000,2026,known_form_hidden_parameters,0.001
lorenz_ad_tapered,nrmse_auc_0_1LT,0.0032435109771488256,0.0022480901858064777,0.004254220451325926,10000,2026,known_form_hidden_parameters,0.001
lorenz_ad,nrmse_auc_0_2LT,0.007488353837621705,0.004943016670889277,0.01033758418240793,10000,2026,known_form_hidden_parameters,0.001
lorenz_ad_tapered,nrmse_auc_0_2LT,0.010456085307457565,0.007241093641688883,0.01402289116473296,10000,2026,known_form_hidden_parameters,0.001
lorenz_ad,nrmse_auc_0_5LT,0.05538226702369227,0.039412423205512456,0.07249210028266351,10000,2026,known_form_hidden_parameters,0.001
lorenz_ad_tapered,nrmse_auc_0_5LT,0.07184634385392788,0.0520707582477375,0.09160082938254029,10000,2026,known_form_hidden_parameters,0.001
lorenz_ad,stability_fraction,1.0,1.0,1.0,10000,2026,known_form_hidden_parameters,0.001
lorenz_ad_tapered,stability_fraction,1.0,1.0,1.0,10000,2026,known_form_hidden_parameters,0.001
lorenz_ad,rq_mmd,0.00058537619057196,0.00039836402909843683,0.0008587999065590411,10000,2026,known_form_hidden_parameters,0.001
lorenz_ad_tapered,rq_mmd,0.0007239637823244666,0.0005323361892352151,0.0009138353443555518,10000,2026,known_form_hidden_parameters,0.001
lorenz_ad,wasserstein_x,0.18970828819659027,0.11867746914474848,0.27182943518041575,10000,2026,known_form_hidden_parameters,0.001
lorenz_ad_tapered,wasserstein_x,0.16119962616730746,0.0998522456654883,0.2404304113683084,10000,2026,known_form_hidden_parameters,0.001
lorenz_ad,wasserstein_y,0.19419300337793832,0.12338446539581911,0.27702722243255706,10000,2026,known_form_hidden_parameters,0.001
lorenz_ad_tapered,wasserstein_y,0.16766782312395592,0.1065222054212716,0.2460669705995325,10000,2026,known_form_hidden_parameters,0.001
lorenz_ad,wasserstein_z,0.056848971351869976,0.037863531031285445,0.07922994821565545,10000,2026,known_form_hidden_parameters,0.001
lorenz_ad_tapered,wasserstein_z,0.06060508347234585,0.037198651639409705,0.09477500301804215,10000,2026,known_form_hidden_parameters,0.001
lorenz_ad,covariance_relative_error,0.00832836141186554,0.005948302721814603,0.011173631915228476,10000,2026,known_form_hidden_parameters,0.001
lorenz_ad_tapered,covariance_relative_error,0.007582738366928552,0.004950538138525063,0.010812197215392434,10000,2026,known_form_hidden_parameters,0.001
lorenz_ad,lyapunov_spectrum_relative_error,0.006495783866545666,0.004808898998738517,0.008577010920768721,10000,2026,known_form_hidden_parameters,0.001
lorenz_ad_tapered,lyapunov_spectrum_relative_error,0.006468004693865441,0.004685146067312274,0.008329145318838703,10000,2026,known_form_hidden_parameters,0.001
lorenz_ad,parameter_relative_error,0.00030765843934368295,0.00023233998585470286,0.00039800626170969776,10000,2026,known_form_hidden_parameters,0.001
lorenz_ad_tapered,parameter_relative_error,0.00033782725510140676,0.0002821021679773325,0.00040190408866369934,10000,2026,known_form_hidden_parameters,0.001
lorenz_ad,training_wall_time_seconds,705.7828983963777,696.064980464109,715.5493713732499,10000,2026,known_form_hidden_parameters,0.001
lorenz_ad_tapered,training_wall_time_seconds,700.9960147211949,691.1905403323814,712.0825101908234,10000,2026,known_form_hidden_parameters,0.001
lorenz_ad,inference_seconds_per_trajectory,0.008879848131133804,0.008295093743848408,0.009551913674343502,10000,2026,known_form_hidden_parameters,0.001
lorenz_ad_tapered,inference_seconds_per_trajectory,0.00882155769213564,0.008400657209276638,0.009257693394756607,10000,2026,known_form_hidden_parameters,0.001
lorenz_ad,vpt_restricted_lt,4.540745057568808,4.227304359681662,4.820969836608613,10000,2026,known_form_hidden_parameters,0.01
lorenz_ad_tapered,vpt_restricted_lt,4.519607633041093,4.227066010600199,4.814375749895425,10000,2026,known_form_hidden_parameters,0.01
lorenz_ad,nrmse_auc_0_1LT,0.011334874916979498,0.008211896738593957,0.014767932624012485,10000,2026,known_form_hidden_parameters,0.01
lorenz_ad_tapered,nrmse_auc_0_1LT,0.011859242150836146,0.009020389250558236,0.014688158771606778,10000,2026,known_form_hidden_parameters,0.01
lorenz_ad,nrmse_auc_0_2LT,0.03322810203087412,0.02469273343119939,0.04303638393965605,10000,2026,known_form_hidden_parameters,0.01
lorenz_ad_tapered,nrmse_auc_0_2LT,0.03553838024699824,0.025980911862783836,0.045469538105778105,10000,2026,known_form_hidden_parameters,0.01
lorenz_ad,nrmse_auc_0_5LT,0.19390213293439623,0.16009505956021533,0.23542035908417985,10000,2026,known_form_hidden_parameters,0.01
lorenz_ad_tapered,nrmse_auc_0_5LT,0.20447269453496025,0.16780810836055624,0.24518975995942116,10000,2026,known_form_hidden_parameters,0.01
lorenz_ad,stability_fraction,1.0,1.0,1.0,10000,2026,known_form_hidden_parameters,0.01
lorenz_ad_tapered,stability_fraction,1.0,1.0,1.0,10000,2026,known_form_hidden_parameters,0.01
lorenz_ad,rq_mmd,0.0006512978881240534,0.0005272495215501168,0.0007787827870704982,10000,2026,known_form_hidden_parameters,0.01
lorenz_ad_tapered,rq_mmd,0.0008700222036646134,0.0004857741065661688,0.0013053365748907234,10000,2026,known_form_hidden_parameters,0.01
lorenz_ad,wasserstein_x,0.18746098336202052,0.10509409889882998,0.28446031025985075,10000,2026,known_form_hidden_parameters,0.01
lorenz_ad_tapered,wasserstein_x,0.1684178526511002,0.1172657480530851,0.23174051669352747,10000,2026,known_form_hidden_parameters,0.01
lorenz_ad,wasserstein_y,0.1899505073116061,0.10892891499413188,0.2850156539255372,10000,2026,known_form_hidden_parameters,0.01
lorenz_ad_tapered,wasserstein_y,0.1745191568955556,0.12231041409036363,0.2381847213837345,10000,2026,known_form_hidden_parameters,0.01
lorenz_ad,wasserstein_z,0.06836508245871259,0.04347091509650493,0.10113540756178531,10000,2026,known_form_hidden_parameters,0.01
lorenz_ad_tapered,wasserstein_z,0.07500344189836229,0.054343025306244436,0.09778184475235731,10000,2026,known_form_hidden_parameters,0.01
lorenz_ad,covariance_relative_error,0.009135993375955038,0.0066571062321392855,0.012077341555440518,10000,2026,known_form_hidden_parameters,0.01
lorenz_ad_tapered,covariance_relative_error,0.008345911574224232,0.00662801293014355,0.010270893803118858,10000,2026,known_form_hidden_parameters,0.01
lorenz_ad,lyapunov_spectrum_relative_error,0.006817695809426287,0.004840344026654472,0.009079345547836404,10000,2026,known_form_hidden_parameters,0.01
lorenz_ad_tapered,lyapunov_spectrum_relative_error,0.007095930398280987,0.003747784015566575,0.011140945358695215,10000,2026,known_form_hidden_parameters,0.01
lorenz_ad,parameter_relative_error,0.0017936282891207397,0.0013052309220339452,0.0023698854489166664,10000,2026,known_form_hidden_parameters,0.01
lorenz_ad_tapered,parameter_relative_error,0.00150387733134614,0.0010256235329102253,0.0020159190422352636,10000,2026,known_form_hidden_parameters,0.01
lorenz_ad,training_wall_time_seconds,713.1739308555921,698.5645709858152,730.9860079420855,10000,2026,known_form_hidden_parameters,0.01
lorenz_ad_tapered,training_wall_time_seconds,713.6015682307383,701.496112994502,725.4677691598608,10000,2026,known_form_hidden_parameters,0.01
lorenz_ad,inference_seconds_per_trajectory,0.0084696245088707,0.00794026938836997,0.00905576322855866,10000,2026,known_form_hidden_parameters,0.01
lorenz_ad_tapered,inference_seconds_per_trajectory,0.008358469924617827,0.00793823307692942,0.00878651120360393,10000,2026,known_form_hidden_parameters,0.01
lorenz_ad,vpt_restricted_lt,3.765863154620254,3.4068127424608488,4.189594775667134,10000,2026,known_form_hidden_parameters,0.05
lorenz_ad_tapered,vpt_restricted_lt,3.9317845630894284,3.534331166144644,4.390676598558761,10000,2026,known_form_hidden_parameters,0.05
lorenz_ad,nrmse_auc_0_1LT,0.026197266310828325,0.01811464264022689,0.03468380563652718,10000,2026,known_form_hidden_parameters,0.05
lorenz_ad_tapered,nrmse_auc_0_1LT,0.024357887433076965,0.017175863252860545,0.03263603024398457,10000,2026,known_form_hidden_parameters,0.05
lorenz_ad,nrmse_auc_0_2LT,0.06991698128188167,0.050451322596964096,0.08969477674000124,10000,2026,known_form_hidden_parameters,0.05
lorenz_ad_tapered,nrmse_auc_0_2LT,0.06443922191416343,0.04659724079482251,0.0847067602151893,10000,2026,known_form_hidden_parameters,0.05
lorenz_ad,nrmse_auc_0_5LT,0.3181145722214956,0.24851925931655233,0.3799054753221112,10000,2026,known_form_hidden_parameters,0.05
lorenz_ad_tapered,nrmse_auc_0_5LT,0.2959135204829898,0.22965141277058018,0.35919608796495367,10000,2026,known_form_hidden_parameters,0.05
lorenz_ad,stability_fraction,1.0,1.0,1.0,10000,2026,known_form_hidden_parameters,0.05
lorenz_ad_tapered,stability_fraction,1.0,1.0,1.0,10000,2026,known_form_hidden_parameters,0.05
lorenz_ad,rq_mmd,0.0008407967247309534,0.0004939014382598904,0.0012570784292102333,10000,2026,known_form_hidden_parameters,0.05
lorenz_ad_tapered,rq_mmd,0.0006874353525609599,0.0005071949244725873,0.0008777180101008003,10000,2026,known_form_hidden_parameters,0.05
lorenz_ad,wasserstein_x,0.16638082115761962,0.10022133673340393,0.24209994573253554,10000,2026,known_form_hidden_parameters,0.05
lorenz_ad_tapered,wasserstein_x,0.2348402094569096,0.1417464353536799,0.3358900625163162,10000,2026,known_form_hidden_parameters,0.05
lorenz_ad,wasserstein_y,0.17119274046692942,0.10416115715451046,0.24726246367720733,10000,2026,known_form_hidden_parameters,0.05
lorenz_ad_tapered,wasserstein_y,0.23875395379219652,0.14454230059845316,0.3415820258454628,10000,2026,known_form_hidden_parameters,0.05
lorenz_ad,wasserstein_z,0.0999188948992536,0.06355357647109498,0.1471057310718613,10000,2026,known_form_hidden_parameters,0.05
lorenz_ad_tapered,wasserstein_z,0.0864678437201963,0.06343109170700097,0.10914268678502353,10000,2026,known_form_hidden_parameters,0.05
lorenz_ad,covariance_relative_error,0.010997133879533506,0.007657443068047452,0.014464752127448448,10000,2026,known_form_hidden_parameters,0.05
lorenz_ad_tapered,covariance_relative_error,0.012083290240657274,0.008664864130958096,0.016233214661064727,10000,2026,known_form_hidden_parameters,0.05
lorenz_ad,lyapunov_spectrum_relative_error,0.011328701786960726,0.0086875262839895,0.01413623498649962,10000,2026,known_form_hidden_parameters,0.05
lorenz_ad_tapered,lyapunov_spectrum_relative_error,0.008464745460472524,0.006351155392517415,0.01052292779841534,10000,2026,known_form_hidden_parameters,0.05
lorenz_ad,parameter_relative_error,0.003902739386098353,0.002653907253618936,0.0052365598786897295,10000,2026,known_form_hidden_parameters,0.05
lorenz_ad_tapered,parameter_relative_error,0.0035755531934437133,0.0024817308084283314,0.004802485141308282,10000,2026,known_form_hidden_parameters,0.05
lorenz_ad,training_wall_time_seconds,709.1075316149742,695.3129606838991,720.7203380566649,10000,2026,known_form_hidden_parameters,0.05
lorenz_ad_tapered,training_wall_time_seconds,707.3521850638092,695.7354040790474,719.8101770839467,10000,2026,known_form_hidden_parameters,0.05
lorenz_ad,inference_seconds_per_trajectory,0.008646636184615347,0.00807935824802065,0.009249721535597865,10000,2026,known_form_hidden_parameters,0.05
lorenz_ad_tapered,inference_seconds_per_trajectory,0.00910687352394836,0.00848089959775577,0.009723035539839924,10000,2026,known_form_hidden_parameters,0.05
pinn_strong,vpt_restricted_lt,0.2690728013590885,0.25427196565965887,0.2847630454572221,10000,2026,known_physics_forward_surrogate,0.0
pinn_weak,vpt_restricted_lt,0.18133560056230802,0.16731534621092908,0.19538463758719235,10000,2026,known_physics_forward_surrogate,0.0
pinn_weak_tapered,vpt_restricted_lt,0.1588851152266607,0.1482758455592244,0.1705742108972853,10000,2026,known_physics_forward_surrogate,0.0
solver_oracle,vpt_restricted_lt,5.005616158244253,5.005616158244131,5.005616158244131,10000,2026,known_physics_forward_surrogate,0.0
pinn_strong,nrmse_auc_0_1LT,1.1770365071221351,1.1575483375916757,1.1966632647728406,10000,2026,known_physics_forward_surrogate,0.0
pinn_weak,nrmse_auc_0_1LT,1.213357225279267,1.1986876921699403,1.2283836370702268,10000,2026,known_physics_forward_surrogate,0.0
pinn_weak_tapered,nrmse_auc_0_1LT,1.1526730647479775,1.1383026730902104,1.1672895990072392,10000,2026,known_physics_forward_surrogate,0.0
solver_oracle,nrmse_auc_0_1LT,6.212600491915761e-14,5.638127945417895e-14,6.964590431991873e-14,10000,2026,known_physics_forward_surrogate,0.0
pinn_strong,nrmse_auc_0_2LT,1.4573901291230242,1.445349938862234,1.4678165774886667,10000,2026,known_physics_forward_surrogate,0.0
pinn_weak,nrmse_auc_0_2LT,1.4841359887182264,1.475724932980707,1.4921818404466147,10000,2026,known_physics_forward_surrogate,0.0
pinn_weak_tapered,nrmse_auc_0_2LT,1.4317392494327073,1.4231547115301602,1.440193978508902,10000,2026,known_physics_forward_surrogate,0.0
solver_oracle,nrmse_auc_0_2LT,1.80609749366014e-13,1.4761617231867983e-13,2.2022749481956602e-13,10000,2026,known_physics_forward_surrogate,0.0
pinn_strong,nrmse_auc_0_5LT,1.804404442056125,1.7500279327286068,1.8643477915274735,10000,2026,known_physics_forward_surrogate,0.0
pinn_weak,nrmse_auc_0_5LT,2.194043347483254,2.16003483648533,2.228563031071156,10000,2026,known_physics_forward_surrogate,0.0
pinn_weak_tapered,nrmse_auc_0_5LT,1.8238046373546721,1.748060355680501,1.9090575262319422,10000,2026,known_physics_forward_surrogate,0.0
solver_oracle,nrmse_auc_0_5LT,1.278511008162367e-12,1.085436622864658e-12,1.5067921344606687e-12,10000,2026,known_physics_forward_surrogate,0.0
solver_oracle,stability_fraction,1.0,1.0,1.0,10000,2026,known_physics_forward_surrogate,0.0
solver_oracle,rq_mmd,0.0005807670202734401,0.0005047934500910002,0.0006517175773963798,10000,2026,known_physics_forward_surrogate,0.0
solver_oracle,wasserstein_x,2.4683238286832436e-05,2.151694646233977e-05,2.7618064287081178e-05,10000,2026,known_physics_forward_surrogate,0.0
solver_oracle,wasserstein_y,3.7539435542530496e-05,3.199888678650324e-05,4.307573768856915e-05,10000,2026,known_physics_forward_surrogate,0.0
solver_oracle,wasserstein_z,4.0746160973895264e-05,3.501777896422521e-05,4.6474542983565326e-05,10000,2026,known_physics_forward_surrogate,0.0
solver_oracle,covariance_relative_error,7.808616751649166e-07,5.961494564243232e-07,9.710539393559997e-07,10000,2026,known_physics_forward_surrogate,0.0
solver_oracle,lyapunov_spectrum_relative_error,0.005173445603708701,0.0040381789749224396,0.006885703894925039,10000,2026,known_physics_forward_surrogate,0.0
pinn_strong,training_wall_time_seconds,36.854380341619255,35.03049670455356,38.93008268233078,10000,2026,known_physics_forward_surrogate,0.0
pinn_weak,training_wall_time_seconds,22.259900961940488,20.766241956021016,24.47839137671515,10000,2026,known_physics_forward_surrogate,0.0
pinn_weak_tapered,training_wall_time_seconds,30.043080800647537,24.893757419077062,41.55647110826336,10000,2026,known_physics_forward_surrogate,0.0
solver_oracle,training_wall_time_seconds,0.0,0.0,0.0,10000,2026,known_physics_forward_surrogate,0.0
pinn_strong,inference_seconds_per_trajectory,0.00048127429715043323,0.0004395471641085464,0.000523224375695717,10000,2026,known_physics_forward_surrogate,0.0
pinn_weak,inference_seconds_per_trajectory,0.00047176702355495334,0.0004367755698330746,0.0005078893325844138,10000,2026,known_physics_forward_surrogate,0.0
pinn_weak_tapered,inference_seconds_per_trajectory,0.0004801975592272,0.00044667760007236423,0.0005220265242678192,10000,2026,known_physics_forward_surrogate,0.0
solver_oracle,inference_seconds_per_trajectory,0.07747707551073589,0.07607073410671238,0.07884003591289605,10000,2026,known_physics_forward_surrogate,0.0
pinn_strong,vpt_restricted_lt,0.26933921949403156,0.2543674718035695,0.28460224308291654,10000,2026,known_physics_forward_surrogate,0.001
pinn_weak,vpt_restricted_lt,0.18213009750044176,0.16857607488521387,0.1957462050560438,10000,2026,known_physics_forward_surrogate,0.001
pinn_weak_tapered,vpt_restricted_lt,0.15808110335513614,0.1481472750217797,0.16834783542050047,10000,2026,known_physics_forward_surrogate,0.001
solver_oracle,vpt_restricted_lt,5.005616158244253,5.005616158244131,5.005616158244131,10000,2026,known_physics_forward_surrogate,0.001
pinn_strong,nrmse_auc_0_1LT,1.1782642846962517,1.1591961093771852,1.1967729924189763,10000,2026,known_physics_forward_surrogate,0.001
pinn_weak,nrmse_auc_0_1LT,1.2127279747403727,1.1993038069078479,1.2274562200124768,10000,2026,known_physics_forward_surrogate,0.001
pinn_weak_tapered,nrmse_auc_0_1LT,1.1501510238664816,1.1330731413770938,1.1667703614544118,10000,2026,known_physics_forward_surrogate,0.001
solver_oracle,nrmse_auc_0_1LT,6.21259886229086e-14,5.638129602301486e-14,6.96459611946181e-14,10000,2026,known_physics_forward_surrogate,0.001
pinn_strong,nrmse_auc_0_2LT,1.4587387574813144,1.4440275441502628,1.4744822630787808,10000,2026,known_physics_forward_surrogate,0.001
pinn_weak,nrmse_auc_0_2LT,1.483385739116231,1.4743383208659069,1.4932412808294577,10000,2026,known_physics_forward_surrogate,0.001
pinn_weak_tapered,nrmse_auc_0_2LT,1.4282714364066063,1.4151699287030541,1.4400019577106487,10000,2026,known_physics_forward_surrogate,0.001
solver_oracle,nrmse_auc_0_2LT,1.8060970889892907e-13,1.4761608014036585e-13,2.2022785947946044e-13,10000,2026,known_physics_forward_surrogate,0.001
pinn_strong,nrmse_auc_0_5LT,1.8086536214573699,1.7392563842342346,1.8811054584908757,10000,2026,known_physics_forward_surrogate,0.001
pinn_weak,nrmse_auc_0_5LT,2.1894226902626572,2.149316084330293,2.2273542122672043,10000,2026,known_physics_forward_surrogate,0.001
pinn_weak_tapered,nrmse_auc_0_5LT,1.8208023157955557,1.7358709521594102,1.9060137314250205,10000,2026,known_physics_forward_surrogate,0.001
solver_oracle,nrmse_auc_0_5LT,1.2785106559323192e-12,1.0854353421053868e-12,1.5067922789905598e-12,10000,2026,known_physics_forward_surrogate,0.001
solver_oracle,stability_fraction,1.0,1.0,1.0,10000,2026,known_physics_forward_surrogate,0.001
solver_oracle,rq_mmd,0.0005807670202734401,0.0005047934500910002,0.0006517175773963798,10000,2026,known_physics_forward_surrogate,0.001
solver_oracle,wasserstein_x,2.4683238286832436e-05,2.151694646233977e-05,2.7618064287081178e-05,10000,2026,known_physics_forward_surrogate,0.001
solver_oracle,wasserstein_y,3.7539435542530496e-05,3.199888678650324e-05,4.307573768856915e-05,10000,2026,known_physics_forward_surrogate,0.001
solver_oracle,wasserstein_z,4.0746160973895264e-05,3.501777896422521e-05,4.6474542983565326e-05,10000,2026,known_physics_forward_surrogate,0.001
solver_oracle,covariance_relative_error,7.808616751649166e-07,5.961494564243232e-07,9.710539393559997e-07,10000,2026,known_physics_forward_surrogate,0.001
solver_oracle,lyapunov_spectrum_relative_error,0.005173445603708701,0.0040381789749224396,0.006885703894925039,10000,2026,known_physics_forward_surrogate,0.001
pinn_strong,training_wall_time_seconds,37.59667844499151,35.22825257841187,40.34263121374572,10000,2026,known_physics_forward_surrogate,0.001
pinn_weak,training_wall_time_seconds,22.20353515831133,20.64184007445971,24.360698769095663,10000,2026,known_physics_forward_surrogate,0.001
pinn_weak_tapered,training_wall_time_seconds,33.43089130744338,25.234905223259705,48.182719203848386,10000,2026,known_physics_forward_surrogate,0.001
solver_oracle,training_wall_time_seconds,0.0,0.0,0.0,10000,2026,known_physics_forward_surrogate,0.001
pinn_strong,inference_seconds_per_trajectory,0.0004676700802519533,0.00043277324082733763,0.000505982399966609,10000,2026,known_physics_forward_surrogate,0.001
pinn_weak,inference_seconds_per_trajectory,0.0004663885250919999,0.0004418696273932674,0.0004908110796289271,10000,2026,known_physics_forward_surrogate,0.001
pinn_weak_tapered,inference_seconds_per_trajectory,0.0004778024488283334,0.0004453722408894494,0.0005170261354214148,10000,2026,known_physics_forward_surrogate,0.001
solver_oracle,inference_seconds_per_trajectory,0.07915531094865093,0.07687345803773493,0.08156584139137214,10000,2026,known_physics_forward_surrogate,0.001
pinn_strong,vpt_restricted_lt,0.26835442388808134,0.25441028900382867,0.2835355001131371,10000,2026,known_physics_forward_surrogate,0.01
pinn_weak,vpt_restricted_lt,0.18229185136808573,0.1682096310129983,0.19694972519331522,10000,2026,known_physics_forward_surrogate,0.01
pinn_weak_tapered,vpt_restricted_lt,0.15921813789533953,0.14848041662712655,0.17045075463653972,10000,2026,known_physics_forward_surrogate,0.01
solver_oracle,vpt_restricted_lt,5.005616158244253,5.005616158244131,5.005616158244131,10000,2026,known_physics_forward_surrogate,0.01
pinn_strong,nrmse_auc_0_1LT,1.1782818288757704,1.1619273516843052,1.1941868714198007,10000,2026,known_physics_forward_surrogate,0.01
pinn_weak,nrmse_auc_0_1LT,1.2098623498267869,1.1945481525176498,1.2259029076537162,10000,2026,known_physics_forward_surrogate,0.01
pinn_weak_tapered,nrmse_auc_0_1LT,1.1514047095129016,1.13550685916861,1.1661667002385045,10000,2026,known_physics_forward_surrogate,0.01
solver_oracle,nrmse_auc_0_1LT,6.212353033424281e-14,5.6378828982177346e-14,6.964375348027906e-14,10000,2026,known_physics_forward_surrogate,0.01
pinn_strong,nrmse_auc_0_2LT,1.454683193815588,1.4448479082986214,1.4645611093190245,10000,2026,known_physics_forward_surrogate,0.01
pinn_weak,nrmse_auc_0_2LT,1.47829417731907,1.470301324687724,1.486415907879013,10000,2026,known_physics_forward_surrogate,0.01
pinn_weak_tapered,nrmse_auc_0_2LT,1.4300304858089588,1.4208993330133997,1.4390455271091291,10000,2026,known_physics_forward_surrogate,0.01
solver_oracle,nrmse_auc_0_2LT,1.8060263530929862e-13,1.476093826691171e-13,2.202210957194497e-13,10000,2026,known_physics_forward_surrogate,0.01
pinn_strong,nrmse_auc_0_5LT,1.8028332867951546,1.7467642870867073,1.8574369859279773,10000,2026,known_physics_forward_surrogate,0.01
pinn_weak,nrmse_auc_0_5LT,2.1750923555520236,2.1382702926574977,2.2052103110661334,10000,2026,known_physics_forward_surrogate,0.01
pinn_weak_tapered,nrmse_auc_0_5LT,1.8412002455831404,1.7710612772059526,1.9102409643949818,10000,2026,known_physics_forward_surrogate,0.01
solver_oracle,nrmse_auc_0_5LT,1.278458479073788e-12,1.0853990554536782e-12,1.5067386390873549e-12,10000,2026,known_physics_forward_surrogate,0.01
solver_oracle,stability_fraction,1.0,1.0,1.0,10000,2026,known_physics_forward_surrogate,0.01
solver_oracle,rq_mmd,0.0005807670202734401,0.0005047934500910002,0.0006517175773963798,10000,2026,known_physics_forward_surrogate,0.01
solver_oracle,wasserstein_x,2.4683238286832436e-05,2.151694646233977e-05,2.7618064287081178e-05,10000,2026,known_physics_forward_surrogate,0.01
solver_oracle,wasserstein_y,3.7539435542530496e-05,3.199888678650324e-05,4.307573768856915e-05,10000,2026,known_physics_forward_surrogate,0.01
solver_oracle,wasserstein_z,4.0746160973895264e-05,3.501777896422521e-05,4.6474542983565326e-05,10000,2026,known_physics_forward_surrogate,0.01
solver_oracle,covariance_relative_error,7.808616751649166e-07,5.961494564243232e-07,9.710539393559997e-07,10000,2026,known_physics_forward_surrogate,0.01
solver_oracle,lyapunov_spectrum_relative_error,0.005173445603708701,0.0040381789749224396,0.006885703894925039,10000,2026,known_physics_forward_surrogate,0.01
pinn_strong,training_wall_time_seconds,38.57732733103136,35.96055655144776,41.32172781865733,10000,2026,known_physics_forward_surrogate,0.01
pinn_weak,training_wall_time_seconds,24.008613381783167,21.76981708488427,26.35118840192755,10000,2026,known_physics_forward_surrogate,0.01
pinn_weak_tapered,training_wall_time_seconds,43.51095751660566,26.17210910047094,64.52264499508154,10000,2026,known_physics_forward_surrogate,0.01
solver_oracle,training_wall_time_seconds,0.0,0.0,0.0,10000,2026,known_physics_forward_surrogate,0.01
pinn_strong,inference_seconds_per_trajectory,0.00046037144784345335,0.00043351035829492386,0.0004861302143641571,10000,2026,known_physics_forward_surrogate,0.01
pinn_weak,inference_seconds_per_trajectory,0.00046674769643378005,0.0004335760968144824,0.0005163683959835549,10000,2026,known_physics_forward_surrogate,0.01
pinn_weak_tapered,inference_seconds_per_trajectory,0.0004710307354495134,0.00044941454951180973,0.0004984353787585504,10000,2026,known_physics_forward_surrogate,0.01
solver_oracle,inference_seconds_per_trajectory,0.07991413035197183,0.07823976324791145,0.081766267455993,10000,2026,known_physics_forward_surrogate,0.01
pinn_strong,vpt_restricted_lt,0.26925834256020953,0.2544910470009826,0.28488662065463494,10000,2026,known_physics_forward_surrogate,0.05
pinn_weak,vpt_restricted_lt,0.18381899817731284,0.16986059089297376,0.1980639238933812,10000,2026,known_physics_forward_surrogate,0.05
pinn_weak_tapered,vpt_restricted_lt,0.1617110504437352,0.15086378850486032,0.17283876504430087,10000,2026,known_physics_forward_surrogate,0.05
solver_oracle,vpt_restricted_lt,5.005616158244253,5.005616158244131,5.005616158244131,10000,2026,known_physics_forward_surrogate,0.05
pinn_strong,nrmse_auc_0_1LT,1.1809208658014712,1.1607739899147402,1.1992102839373378,10000,2026,known_physics_forward_surrogate,0.05
pinn_weak,nrmse_auc_0_1LT,1.2091880132656356,1.1948532440486415,1.2245994744085036,10000,2026,known_physics_forward_surrogate,0.05
pinn_weak_tapered,nrmse_auc_0_1LT,1.147404186526829,1.1283731665578687,1.1655356626732862,10000,2026,known_physics_forward_surrogate,0.05
solver_oracle,nrmse_auc_0_1LT,6.204855830356403e-14,5.6309442645717526e-14,6.955444310401387e-14,10000,2026,known_physics_forward_surrogate,0.05
pinn_strong,nrmse_auc_0_2LT,1.464212402302599,1.446592306348555,1.4833458484478943,10000,2026,known_physics_forward_surrogate,0.05
pinn_weak,nrmse_auc_0_2LT,1.4838628521247215,1.4764219193190415,1.4911774669649385,10000,2026,known_physics_forward_surrogate,0.05
pinn_weak_tapered,nrmse_auc_0_2LT,1.426116924848646,1.4174690946895525,1.4346830946974682,10000,2026,known_physics_forward_surrogate,0.05
solver_oracle,nrmse_auc_0_2LT,1.80384356606059e-13,1.474340561698872e-13,2.1994350439670073e-13,10000,2026,known_physics_forward_surrogate,0.05
pinn_strong,nrmse_auc_0_5LT,1.8533276868814228,1.7850176964672466,1.9281128603124345,10000,2026,known_physics_forward_surrogate,0.05
pinn_weak,nrmse_auc_0_5LT,2.2151379196671543,2.1908369948536417,2.238757849381578,10000,2026,known_physics_forward_surrogate,0.05
pinn_weak_tapered,nrmse_auc_0_5LT,1.817528103720088,1.7421316721281799,1.8943612646992811,10000,2026,known_physics_forward_surrogate,0.05
solver_oracle,nrmse_auc_0_5LT,1.2769291321116225e-12,1.0840774841475496e-12,1.504986357826602e-12,10000,2026,known_physics_forward_surrogate,0.05
solver_oracle,stability_fraction,1.0,1.0,1.0,10000,2026,known_physics_forward_surrogate,0.05
solver_oracle,rq_mmd,0.0005807670202734401,0.0005047934500910002,0.0006517175773963798,10000,2026,known_physics_forward_surrogate,0.05
solver_oracle,wasserstein_x,2.4683238286832436e-05,2.151694646233977e-05,2.7618064287081178e-05,10000,2026,known_physics_forward_surrogate,0.05
solver_oracle,wasserstein_y,3.7539435542530496e-05,3.199888678650324e-05,4.307573768856915e-05,10000,2026,known_physics_forward_surrogate,0.05
solver_oracle,wasserstein_z,4.0746160973895264e-05,3.501777896422521e-05,4.6474542983565326e-05,10000,2026,known_physics_forward_surrogate,0.05
solver_oracle,covariance_relative_error,7.808616751649166e-07,5.961494564243232e-07,9.710539393559997e-07,10000,2026,known_physics_forward_surrogate,0.05
solver_oracle,lyapunov_spectrum_relative_error,0.005173445603708701,0.0040381789749224396,0.006885703894925039,10000,2026,known_physics_forward_surrogate,0.05
pinn_strong,training_wall_time_seconds,39.602472327028714,36.1102620568499,44.08506485219114,10000,2026,known_physics_forward_surrogate,0.05
pinn_weak,training_wall_time_seconds,23.61446792582671,20.389777699715147,27.39763635107316,10000,2026,known_physics_forward_surrogate,0.05
pinn_weak_tapered,training_wall_time_seconds,37.97550238370896,25.724380688096087,54.14285799131727,10000,2026,known_physics_forward_surrogate,0.05
solver_oracle,training_wall_time_seconds,0.0,0.0,0.0,10000,2026,known_physics_forward_surrogate,0.05
pinn_strong,inference_seconds_per_trajectory,0.00047052732843436,0.00044060880788794794,0.0005049735721694961,10000,2026,known_physics_forward_surrogate,0.05
pinn_weak,inference_seconds_per_trajectory,0.00045843084905447334,0.0004296931475739904,0.0004879363006814658,10000,2026,known_physics_forward_surrogate,0.05
pinn_weak_tapered,inference_seconds_per_trajectory,0.0004873363165339533,0.00045693339125131875,0.0005179550790731857,10000,2026,known_physics_forward_surrogate,0.05
solver_oracle,inference_seconds_per_trajectory,0.07810871460630243,0.07613794980536714,0.0800893716320085,10000,2026,known_physics_forward_surrogate,0.05
node_soft_dtw,vpt_restricted_lt,2.2475224162463414,1.9044570921835242,2.581242529542692,10000,2026,state_only_dynamics,0.0
node_strong,vpt_restricted_lt,2.6320303895028965,2.4135057907192294,2.8386830869581776,10000,2026,state_only_dynamics,0.0
node_weak,vpt_restricted_lt,2.573556366349593,2.2990718276878144,2.864063458158189,10000,2026,state_only_dynamics,0.0
sindy_strong,vpt_restricted_lt,8.267687377153898,8.112473955786076,8.451822746866469,10000,2026,state_only_dynamics,0.0
sindy_weak,vpt_restricted_lt,6.9107674837553015,6.820972440739396,7.0035066850356165,10000,2026,state_only_dynamics,0.0
sindy_weak_weighted,vpt_restricted_lt,6.903288746110115,6.821157268320553,6.984712669665409,10000,2026,state_only_dynamics,0.0
sindy_weighted,vpt_restricted_lt,8.240098827787206,8.099581102104871,8.409241160145827,10000,2026,state_only_dynamics,0.0
node_soft_dtw,nrmse_auc_0_1LT,0.10815427790155915,0.07070902289465704,0.16187013808217454,10000,2026,state_only_dynamics,0.0
node_strong,nrmse_auc_0_1LT,0.06181177085074198,0.04835932630636253,0.07742217177530511,10000,2026,state_only_dynamics,0.0
node_weak,nrmse_auc_0_1LT,0.06025329938891998,0.04392049457304723,0.07819882638985354,10000,2026,state_only_dynamics,0.0
sindy_strong,nrmse_auc_0_1LT,0.00014445800632978864,0.0001240848049816146,0.00017015540827041456,10000,2026,state_only_dynamics,0.0
sindy_weak,nrmse_auc_0_1LT,0.000712322627340819,0.0006319510633280709,0.0008089740562074968,10000,2026,state_only_dynamics,0.0
sindy_weak_weighted,nrmse_auc_0_1LT,0.0007286081483390568,0.0006410233660836535,0.0008312707885754936,10000,2026,state_only_dynamics,0.0
sindy_weighted,nrmse_auc_0_1LT,0.00014640758663870984,0.00012644609855827553,0.00017192353077379307,10000,2026,state_only_dynamics,0.0
node_soft_dtw,nrmse_auc_0_2LT,0.24481375563539026,0.17001357693980848,0.3458889287028748,10000,2026,state_only_dynamics,0.0
node_strong,nrmse_auc_0_2LT,0.15518562061211857,0.1253849796134851,0.19084132433407117,10000,2026,state_only_dynamics,0.0
node_weak,nrmse_auc_0_2LT,0.15951807203929783,0.12073824898909248,0.20135842636073772,10000,2026,state_only_dynamics,0.0
sindy_strong,nrmse_auc_0_2LT,0.0006727171386813509,0.00040817893359599514,0.0011712606272723137,10000,2026,state_only_dynamics,0.0
sindy_weak,nrmse_auc_0_2LT,0.002764957928619274,0.0022505182978889366,0.003420580945716871,10000,2026,state_only_dynamics,0.0
sindy_weak_weighted,nrmse_auc_0_2LT,0.002786014369439293,0.002272267699538005,0.0034304486623200087,10000,2026,state_only_dynamics,0.0
sindy_weighted,nrmse_auc_0_2LT,0.0006823270137829627,0.0004170233955978317,0.0011725559124023603,10000,2026,state_only_dynamics,0.0
node_soft_dtw,nrmse_auc_0_5LT,0.6436087480523696,0.5560452870674919,0.7421047903166896,10000,2026,state_only_dynamics,0.0
node_strong,nrmse_auc_0_5LT,0.5448308666035383,0.4947719051821159,0.5973371583859771,10000,2026,state_only_dynamics,0.0
node_weak,nrmse_auc_0_5LT,0.5553313106018803,0.486429037193069,0.6279033243812542,10000,2026,state_only_dynamics,0.0
sindy_strong,nrmse_auc_0_5LT,0.007803233493544009,0.005635345836885337,0.010385986341614532,10000,2026,state_only_dynamics,0.0
sindy_weak,nrmse_auc_0_5LT,0.022092873535564734,0.019219110425265744,0.02536837373773008,10000,2026,state_only_dynamics,0.0
sindy_weak_weighted,nrmse_auc_0_5LT,0.022445838481117912,0.01943257550187056,0.025905232856955215,10000,2026,state_only_dynamics,0.0
sindy_weighted,nrmse_auc_0_5LT,0.0077850957214758015,0.005709297376628875,0.010191115934152844,10000,2026,state_only_dynamics,0.0
node_soft_dtw,stability_fraction,1.0,1.0,1.0,10000,2026,state_only_dynamics,0.0
node_strong,stability_fraction,1.0,1.0,1.0,10000,2026,state_only_dynamics,0.0
node_weak,stability_fraction,1.0,1.0,1.0,10000,2026,state_only_dynamics,0.0
sindy_strong,stability_fraction,1.0,1.0,1.0,10000,2026,state_only_dynamics,0.0
sindy_weak,stability_fraction,1.0,1.0,1.0,10000,2026,state_only_dynamics,0.0
sindy_weak_weighted,stability_fraction,1.0,1.0,1.0,10000,2026,state_only_dynamics,0.0
sindy_weighted,stability_fraction,1.0,1.0,1.0,10000,2026,state_only_dynamics,0.0
node_soft_dtw,rq_mmd,0.008161982484761725,0.0011864303221132788,0.024370648590706406,10000,2026,state_only_dynamics,0.0
node_strong,rq_mmd,0.0010151338283461001,0.0006716454553563265,0.0014215947064620687,10000,2026,state_only_dynamics,0.0
node_weak,rq_mmd,0.0013249968355627001,0.0005488910672083235,0.002948110962910939,10000,2026,state_only_dynamics,0.0
sindy_strong,rq_mmd,0.0006152149319551,0.00031974472281016,0.0009421830320001798,10000,2026,state_only_dynamics,0.0
sindy_weak,rq_mmd,0.0005665125479169802,0.00041103327762183995,0.0006955654450779598,10000,2026,state_only_dynamics,0.0
sindy_weak_weighted,rq_mmd,0.0006079021240743399,0.00036034915169318003,0.0008455810097278599,10000,2026,state_only_dynamics,0.0
sindy_weighted,rq_mmd,0.0007526540898041799,0.0004577068018226599,0.0010474565813109596,10000,2026,state_only_dynamics,0.0
node_soft_dtw,wasserstein_x,1.0891204572748228,0.44692002850503293,2.1481083550205176,10000,2026,state_only_dynamics,0.0
node_strong,wasserstein_x,0.44334724242643636,0.2653356331346603,0.6244043509478513,10000,2026,state_only_dynamics,0.0
node_weak,wasserstein_x,0.5431176782430909,0.2882886447135993,0.9369400866810085,10000,2026,state_only_dynamics,0.0
sindy_strong,wasserstein_x,0.10168333115404325,0.041115275548498045,0.17567110259527494,10000,2026,state_only_dynamics,0.0
sindy_weak,wasserstein_x,0.1688231647421829,0.12093475719580613,0.22993279756006244,10000,2026,state_only_dynamics,0.0
sindy_weak_weighted,wasserstein_x,0.1934752903710662,0.10612712305323244,0.30599617057061956,10000,2026,state_only_dynamics,0.0
sindy_weighted,wasserstein_x,0.12265257954776519,0.07376649911704954,0.17153865997848083,10000,2026,state_only_dynamics,0.0
node_soft_dtw,wasserstein_y,1.0864973984967967,0.46149614740515776,2.1227036594091597,10000,2026,state_only_dynamics,0.0
node_strong,wasserstein_y,0.4468166170090869,0.2652329583164523,0.6311167849719866,10000,2026,state_only_dynamics,0.0
node_weak,wasserstein_y,0.5430260750937819,0.2934175782617637,0.9273913688547161,10000,2026,state_only_dynamics,0.0
sindy_strong,wasserstein_y,0.10284020750362453,0.04142399055789391,0.17864615182475543,10000,2026,state_only_dynamics,0.0
sindy_weak,wasserstein_y,0.17601291564267493,0.1286180140973537,0.23542271413744303,10000,2026,state_only_dynamics,0.0
sindy_weak_weighted,wasserstein_y,0.1960056083153085,0.10649038046474482,0.3108153180189332,10000,2026,state_only_dynamics,0.0
sindy_weighted,wasserstein_y,0.1290940226565414,0.07780275796427834,0.18038528734880446,10000,2026,state_only_dynamics,0.0
node_soft_dtw,wasserstein_z,0.39578231009248727,0.2524488703476618,0.7066806286391839,10000,2026,state_only_dynamics,0.0
node_strong,wasserstein_z,0.1514869799983156,0.0936638577393389,0.21722725426063502,10000,2026,state_only_dynamics,0.0
node_weak,wasserstein_z,0.13176499594350982,0.10019566112698228,0.1713478995469198,10000,2026,state_only_dynamics,0.0
sindy_strong,wasserstein_z,0.07283003503349532,0.03829777172759417,0.10736229833939644,10000,2026,state_only_dynamics,0.0
sindy_weak,wasserstein_z,0.07849954547195005,0.026948013966410223,0.15079348187456215,10000,2026,state_only_dynamics,0.0
sindy_weak_weighted,wasserstein_z,0.058941834731250524,0.02659952492001476,0.11155532062853747,10000,2026,state_only_dynamics,0.0
sindy_weighted,wasserstein_z,0.05742914277006173,0.03114344476179158,0.0859810231799957,10000,2026,state_only_dynamics,0.0
node_soft_dtw,covariance_relative_error,0.06916623518700453,0.03124405537498751,0.14229013419976927,10000,2026,state_only_dynamics,0.0
node_strong,covariance_relative_error,0.021761447510784356,0.017155077991404023,0.02706589437930511,10000,2026,state_only_dynamics,0.0
node_weak,covariance_relative_error,0.021665453536507253,0.0126247863218187,0.03681797630114362,10000,2026,state_only_dynamics,0.0
sindy_strong,covariance_relative_error,0.005582809007786801,0.0031505889551312403,0.008015029060442361,10000,2026,state_only_dynamics,0.0
sindy_weak,covariance_relative_error,0.008161210153322678,0.0064926124662763604,0.00983366973642648,10000,2026,state_only_dynamics,0.0
sindy_weak_weighted,covariance_relative_error,0.00854064501748226,0.005338985665740439,0.011744652094611239,10000,2026,state_only_dynamics,0.0
sindy_weighted,covariance_relative_error,0.00618324720548472,0.0040168036559264,0.00835830609153526,10000,2026,state_only_dynamics,0.0
node_soft_dtw,lyapunov_spectrum_relative_error,0.13938492390409038,0.11308801541191212,0.1675512534460374,10000,2026,state_only_dynamics,0.0
node_strong,lyapunov_spectrum_relative_error,0.37442732443911436,0.3639286315082007,0.3846639733009474,10000,2026,state_only_dynamics,0.0
node_weak,lyapunov_spectrum_relative_error,0.3888028313501213,0.3782688729894738,0.399516300570787,10000,2026,state_only_dynamics,0.0
sindy_strong,lyapunov_spectrum_relative_error,0.006458134452180602,0.00478526971601728,0.008130999188343922,10000,2026,state_only_dynamics,0.0
sindy_weak,lyapunov_spectrum_relative_error,0.0056373006331457195,0.004807283341736238,0.006466893149630761,10000,2026,state_only_dynamics,0.0
sindy_weak_weighted,lyapunov_spectrum_relative_error,0.00614987822322328,0.004386647052369339,0.00855572785244312,10000,2026,state_only_dynamics,0.0
sindy_weighted,lyapunov_spectrum_relative_error,0.0057980307968884615,0.0036919953168079796,0.008734146723376881,10000,2026,state_only_dynamics,0.0
sindy_strong,coefficient_relative_error,0.0006074380715215799,0.00060563647346776,0.0006092396695753999,10000,2026,state_only_dynamics,0.0
sindy_weak,coefficient_relative_error,0.0004233181359917801,0.00040435007293706,0.00044291947486788005,10000,2026,state_only_dynamics,0.0
sindy_weak_weighted,coefficient_relative_error,0.0004334208870461,0.0004194680562340001,0.00044737371785820006,10000,2026,state_only_dynamics,0.0
sindy_weighted,coefficient_relative_error,0.0006069179926926399,0.0006053908265749,0.0006084451588103799,10000,2026,state_only_dynamics,0.0
node_soft_dtw,training_wall_time_seconds,1208.3987766868124,1190.8673074034973,1227.3477003567634,10000,2026,state_only_dynamics,0.0
node_strong,training_wall_time_seconds,17.796228305498758,11.121316502553722,29.346159975904342,10000,2026,state_only_dynamics,0.0
node_weak,training_wall_time_seconds,21.206796720127265,16.275949812956775,29.995753308686737,10000,2026,state_only_dynamics,0.0
sindy_strong,training_wall_time_seconds,1.0561300279572605,1.0242235742493841,1.0857480834191666,10000,2026,state_only_dynamics,0.0
sindy_weak,training_wall_time_seconds,1.2242531484613817,1.2071435124690955,1.2364276840041082,10000,2026,state_only_dynamics,0.0
sindy_weak_weighted,training_wall_time_seconds,1.089272272028029,1.083663092168669,1.099844632485571,10000,2026,state_only_dynamics,0.0
sindy_weighted,training_wall_time_seconds,1.0676288008069,1.0370922360817592,1.0916883319057524,10000,2026,state_only_dynamics,0.0
node_soft_dtw,inference_seconds_per_trajectory,0.16007998745869065,0.13783534255179497,0.18614521811890877,10000,2026,state_only_dynamics,0.0
node_strong,inference_seconds_per_trajectory,0.14052724701856883,0.13120974717829087,0.16047503041433325,10000,2026,state_only_dynamics,0.0
node_weak,inference_seconds_per_trajectory,0.13581462909933176,0.131399261393138,0.14143390634218425,10000,2026,state_only_dynamics,0.0
sindy_strong,inference_seconds_per_trajectory,0.09863529227732212,0.09708502042728163,0.09991810279626706,10000,2026,state_only_dynamics,0.0
sindy_weak,inference_seconds_per_trajectory,0.04305866327680022,0.04220382963110745,0.04394444300768853,10000,2026,state_only_dynamics,0.0
sindy_weak_weighted,inference_seconds_per_trajectory,0.040024244374459714,0.03931980533348293,0.040701888553267014,10000,2026,state_only_dynamics,0.0
sindy_weighted,inference_seconds_per_trajectory,0.09715892691262216,0.09542491852516828,0.09887802451861105,10000,2026,state_only_dynamics,0.0
node_soft_dtw,vpt_restricted_lt,2.0230128054231735,1.6760053255198648,2.3483915334257977,10000,2026,state_only_dynamics,0.001
node_strong,vpt_restricted_lt,2.5570098971829514,2.372073845825549,2.7548842360285297,10000,2026,state_only_dynamics,0.001
node_weak,vpt_restricted_lt,2.664947301568449,2.3320854352639464,2.9211575780964925,10000,2026,state_only_dynamics,0.001
sindy_strong,vpt_restricted_lt,6.616313597576192,6.485576866609628,6.780253759040052,10000,2026,state_only_dynamics,0.001
sindy_weak,vpt_restricted_lt,6.932861159088793,6.813252618469429,7.064256918129341,10000,2026,state_only_dynamics,0.001
sindy_weak_weighted,vpt_restricted_lt,6.967700087699293,6.842525786792979,7.086652335788019,10000,2026,state_only_dynamics,0.001
sindy_weighted,vpt_restricted_lt,6.577235766140081,6.461350062146586,6.693995416765544,10000,2026,state_only_dynamics,0.001
node_soft_dtw,nrmse_auc_0_1LT,0.11611927381412551,0.07620649954230577,0.16728488897139374,10000,2026,state_only_dynamics,0.001
node_strong,nrmse_auc_0_1LT,0.08849468837939124,0.07592989206896149,0.10188706982658498,10000,2026,state_only_dynamics,0.001
node_weak,nrmse_auc_0_1LT,0.0722880286383219,0.050600896873715884,0.10520703818429565,10000,2026,state_only_dynamics,0.001
sindy_strong,nrmse_auc_0_1LT,0.0009172328586380667,0.0007598492193362193,0.0011227994583914757,10000,2026,state_only_dynamics,0.001
sindy_weak,nrmse_auc_0_1LT,0.0006963979996406258,0.0005945468611475699,0.0008062798657993503,10000,2026,state_only_dynamics,0.001
sindy_weak_weighted,nrmse_auc_0_1LT,0.000671075930254409,0.0005705000965179196,0.0007880084447363392,10000,2026,state_only_dynamics,0.001
sindy_weighted,nrmse_auc_0_1LT,0.000952683937574561,0.0008313029853133524,0.0011053511960138606,10000,2026,state_only_dynamics,0.001
node_soft_dtw,nrmse_auc_0_2LT,0.27711759213511666,0.19614225250395134,0.37494071812851804,10000,2026,state_only_dynamics,0.001
node_strong,nrmse_auc_0_2LT,0.18925884015562827,0.16702547781797608,0.21191186372360993,10000,2026,state_only_dynamics,0.001
node_weak,nrmse_auc_0_2LT,0.1746447726199588,0.12672673417287786,0.25862364056572223,10000,2026,state_only_dynamics,0.001
sindy_strong,nrmse_auc_0_2LT,0.003401663250878717,0.0023653759793566516,0.0052432341040502635,10000,2026,state_only_dynamics,0.001
sindy_weak,nrmse_auc_0_2LT,0.0026843079180463732,0.002160351272955643,0.0033113388130563584,10000,2026,state_only_dynamics,0.001
sindy_weak_weighted,nrmse_auc_0_2LT,0.002658360248428697,0.002162013514897146,0.0032432887200958167,10000,2026,state_only_dynamics,0.001
sindy_weighted,nrmse_auc_0_2LT,0.0035095359348503493,0.002548189188905537,0.005296931683526238,10000,2026,state_only_dynamics,0.001
node_soft_dtw,nrmse_auc_0_5LT,0.6957691845167716,0.6113324284762477,0.7878736386223095,10000,2026,state_only_dynamics,0.001
node_strong,nrmse_auc_0_5LT,0.5655531847582217,0.5229911116794567,0.6070822808411042,10000,2026,state_only_dynamics,0.001
node_weak,nrmse_auc_0_5LT,0.5543200052089351,0.48731308171177357,0.6561960287108498,10000,2026,state_only_dynamics,0.001
sindy_strong,nrmse_auc_0_5LT,0.032647933802840694,0.02701010882724992,0.03930080604059923,10000,2026,state_only_dynamics,0.001
sindy_weak,nrmse_auc_0_5LT,0.02193051632380821,0.019327247299140073,0.024738687050442656,10000,2026,state_only_dynamics,0.001
sindy_weak_weighted,nrmse_auc_0_5LT,0.022827940445983,0.019562068621891585,0.026786513984287663,10000,2026,state_only_dynamics,0.001
sindy_weighted,nrmse_auc_0_5LT,0.033318334168278445,0.028011804631613346,0.039303748862030634,10000,2026,state_only_dynamics,0.001
node_soft_dtw,stability_fraction,1.0,1.0,1.0,10000,2026,state_only_dynamics,0.001
node_strong,stability_fraction,1.0,1.0,1.0,10000,2026,state_only_dynamics,0.001
node_weak,stability_fraction,1.0,1.0,1.0,10000,2026,state_only_dynamics,0.001
sindy_strong,stability_fraction,1.0,1.0,1.0,10000,2026,state_only_dynamics,0.001
sindy_weak,stability_fraction,1.0,1.0,1.0,10000,2026,state_only_dynamics,0.001
sindy_weak_weighted,stability_fraction,1.0,1.0,1.0,10000,2026,state_only_dynamics,0.001
sindy_weighted,stability_fraction,1.0,1.0,1.0,10000,2026,state_only_dynamics,0.001
node_soft_dtw,rq_mmd,0.004979773356807433,0.001534358900718073,0.009885777435523128,10000,2026,state_only_dynamics,0.001
node_strong,rq_mmd,0.0014824483247284467,0.0006767013814102891,0.0025196967025533797,10000,2026,state_only_dynamics,0.001
node_weak,rq_mmd,0.002229431259592087,0.0008564511633853297,0.004490041895526224,10000,2026,state_only_dynamics,0.001
sindy_strong,rq_mmd,0.0006188883526054599,0.0004232846382666,0.00080552293318836,10000,2026,state_only_dynamics,0.001
sindy_weak,rq_mmd,0.00036781112182159996,0.0003264401207505601,0.0004086788042751801,10000,2026,state_only_dynamics,0.001
sindy_weak_weighted,rq_mmd,0.00052804904867428,0.00027523863978641994,0.0007808594575621403,10000,2026,state_only_dynamics,0.001
sindy_weighted,rq_mmd,0.0004476088461471999,0.0003474699040596999,0.0005205661581077599,10000,2026,state_only_dynamics,0.001
node_soft_dtw,wasserstein_x,0.9769843434519332,0.5231095576546527,1.5682143087035885,10000,2026,state_only_dynamics,0.001
node_strong,wasserstein_x,0.43141084933304896,0.24665908736196085,0.6753739224269122,10000,2026,state_only_dynamics,0.001
node_weak,wasserstein_x,0.6496790451444049,0.3842496673732906,0.9961843953873487,10000,2026,state_only_dynamics,0.001
sindy_strong,wasserstein_x,0.19290278632880528,0.1389251313263459,0.24884748808009913,10000,2026,state_only_dynamics,0.001
sindy_weak,wasserstein_x,0.16703203726350624,0.0776649616056899,0.2563991129213226,10000,2026,state_only_dynamics,0.001
sindy_weak_weighted,wasserstein_x,0.13761686774001217,0.07974644032882178,0.18295836574699859,10000,2026,state_only_dynamics,0.001
sindy_weighted,wasserstein_x,0.24183852899731148,0.10010409054045644,0.374106003589666,10000,2026,state_only_dynamics,0.001
node_soft_dtw,wasserstein_y,0.9799767511278169,0.519269355745663,1.5729160834066214,10000,2026,state_only_dynamics,0.001
node_strong,wasserstein_y,0.44290462584985557,0.250802169023455,0.6947967029251642,10000,2026,state_only_dynamics,0.001
node_weak,wasserstein_y,0.6622783801376039,0.39275150765590394,1.0236782866967336,10000,2026,state_only_dynamics,0.001
sindy_strong,wasserstein_y,0.1939534191975687,0.14184661888638367,0.24793042314257982,10000,2026,state_only_dynamics,0.001
sindy_weak,wasserstein_y,0.1744344474787173,0.0831128163963209,0.2657560785611138,10000,2026,state_only_dynamics,0.001
sindy_weak_weighted,wasserstein_y,0.144714406535494,0.08783921433522619,0.18998238045319227,10000,2026,state_only_dynamics,0.001
sindy_weighted,wasserstein_y,0.24993848535332402,0.10222305997540843,0.38645889856805,10000,2026,state_only_dynamics,0.001
node_soft_dtw,wasserstein_z,0.32895020275990483,0.2693268932437533,0.3871378309910678,10000,2026,state_only_dynamics,0.001
node_strong,wasserstein_z,0.1356538515466088,0.11649635128099309,0.15620600730296771,10000,2026,state_only_dynamics,0.001
node_weak,wasserstein_z,0.1317612606572709,0.07648876149509407,0.19939323165529718,10000,2026,state_only_dynamics,0.001
sindy_strong,wasserstein_z,0.09114285746448254,0.04634873009234553,0.14513145881253411,10000,2026,state_only_dynamics,0.001
sindy_weak,wasserstein_z,0.044888014076815835,0.029095722511988633,0.06864950814403822,10000,2026,state_only_dynamics,0.001
sindy_weak_weighted,wasserstein_z,0.045892370086700794,0.0357798586940585,0.05411938137051701,10000,2026,state_only_dynamics,0.001
sindy_weighted,wasserstein_z,0.07350481704815331,0.04296232830445725,0.11582449109644957,10000,2026,state_only_dynamics,0.001
node_soft_dtw,covariance_relative_error,0.055662934705006675,0.0347569122797057,0.0846787698900181,10000,2026,state_only_dynamics,0.001
node_strong,covariance_relative_error,0.019346205901787546,0.012024226434098392,0.027567653778838675,10000,2026,state_only_dynamics,0.001
node_weak,covariance_relative_error,0.027290106237594355,0.015513668988217226,0.04814317387613342,10000,2026,state_only_dynamics,0.001
sindy_strong,covariance_relative_error,0.009337592104649598,0.008003671305478221,0.011239692345121038,10000,2026,state_only_dynamics,0.001
sindy_weak,covariance_relative_error,0.006662059043383001,0.003972353155754859,0.00960797633938912,10000,2026,state_only_dynamics,0.001
sindy_weak_weighted,covariance_relative_error,0.005959602375118779,0.0037900547426248194,0.008047229281081298,10000,2026,state_only_dynamics,0.001
sindy_weighted,covariance_relative_error,0.0104154004587374,0.005851665209051839,0.014979135708422962,10000,2026,state_only_dynamics,0.001
node_soft_dtw,lyapunov_spectrum_relative_error,0.13808395610615556,0.10258586496328347,0.17140306139041583,10000,2026,state_only_dynamics,0.001
node_strong,lyapunov_spectrum_relative_error,0.38343347862901545,0.36928742118899166,0.39782251275452024,10000,2026,state_only_dynamics,0.001
node_weak,lyapunov_spectrum_relative_error,0.38933458220167216,0.3745130809537979,0.4011149048326371,10000,2026,state_only_dynamics,0.001
sindy_strong,lyapunov_spectrum_relative_error,0.00702856699223424,0.003989829741097121,0.010067304243371362,10000,2026,state_only_dynamics,0.001
sindy_weak,lyapunov_spectrum_relative_error,0.006071142185710381,0.00436561297415126,0.007089260695988682,10000,2026,state_only_dynamics,0.001
sindy_weak_weighted,lyapunov_spectrum_relative_error,0.007103114516987001,0.0053612979104755995,0.00869347877019284,10000,2026,state_only_dynamics,0.001
sindy_weighted,lyapunov_spectrum_relative_error,0.00558379850612668,0.0032483247696396805,0.008336548006118718,10000,2026,state_only_dynamics,0.001
sindy_strong,coefficient_relative_error,0.0036697871506114798,0.0035286931896008,0.00377819782536436,10000,2026,state_only_dynamics,0.001
sindy_weak,coefficient_relative_error,0.00057786090317374,0.00043077907978367983,0.0007263359063316401,10000,2026,state_only_dynamics,0.001
sindy_weak_weighted,coefficient_relative_error,0.0008749171195090399,0.00062400285104704,0.00114089142526384,10000,2026,state_only_dynamics,0.001
sindy_weighted,coefficient_relative_error,0.003731010826415659,0.0034422104305887593,0.003963882596456679,10000,2026,state_only_dynamics,0.001
node_soft_dtw,training_wall_time_seconds,1258.1313668400048,1216.984544562002,1299.4852715417587,10000,2026,state_only_dynamics,0.001
node_strong,training_wall_time_seconds,19.412872089569767,11.810749732147281,32.67803749428441,10000,2026,state_only_dynamics,0.001
node_weak,training_wall_time_seconds,21.791914804155628,16.616167029778783,30.71536252835765,10000,2026,state_only_dynamics,0.001
sindy_strong,training_wall_time_seconds,1.066569437024494,1.0352322097852205,1.092266574034778,10000,2026,state_only_dynamics,0.001
sindy_weak,training_wall_time_seconds,1.2051872885475556,1.1735827761143447,1.2293256503731633,10000,2026,state_only_dynamics,0.001
sindy_weak_weighted,training_wall_time_seconds,1.0912507846330604,1.0823049864095324,1.1009365086692076,10000,2026,state_only_dynamics,0.001
sindy_weighted,training_wall_time_seconds,1.0561114148547253,1.0202326619283608,1.090556137212552,10000,2026,state_only_dynamics,0.001
node_soft_dtw,inference_seconds_per_trajectory,0.16043246926468177,0.13840885271427394,0.1862189857343037,10000,2026,state_only_dynamics,0.001
node_strong,inference_seconds_per_trajectory,0.14096406428046365,0.1309191198376114,0.1613090339690582,10000,2026,state_only_dynamics,0.001
node_weak,inference_seconds_per_trajectory,0.13586376130406277,0.13114211999289785,0.14147178448928266,10000,2026,state_only_dynamics,0.001
sindy_strong,inference_seconds_per_trajectory,0.09699873887681552,0.09548929757618073,0.09877950296295844,10000,2026,state_only_dynamics,0.001
sindy_weak,inference_seconds_per_trajectory,0.04225934122029376,0.04141026959022075,0.04299197364811937,10000,2026,state_only_dynamics,0.001
sindy_weak_weighted,inference_seconds_per_trajectory,0.040010600952761356,0.03951053294418665,0.040509332237755456,10000,2026,state_only_dynamics,0.001
sindy_weighted,inference_seconds_per_trajectory,0.09773240414797325,0.09561026407876243,0.10013737220283167,10000,2026,state_only_dynamics,0.001
node_soft_dtw,vpt_restricted_lt,2.1240613980337155,1.7949475829285215,2.448006225574344,10000,2026,state_only_dynamics,0.01
node_strong,vpt_restricted_lt,2.4680405125120597,2.2052822966977907,2.7380935898837313,10000,2026,state_only_dynamics,0.01
node_weak,vpt_restricted_lt,2.6061307408130765,2.331762046465323,2.8504266556224596,10000,2026,state_only_dynamics,0.01
sindy_strong,vpt_restricted_lt,4.780697405285281,4.573184676788149,4.998732579682679,10000,2026,state_only_dynamics,0.01
sindy_weak,vpt_restricted_lt,6.488989516406892,6.232472383276975,6.673541283391942,10000,2026,state_only_dynamics,0.01
sindy_weak_weighted,vpt_restricted_lt,6.166932808461003,5.7320379107499875,6.5687287020686815,10000,2026,state_only_dynamics,0.01
sindy_weighted,vpt_restricted_lt,4.822058820735189,4.5259774051995825,5.132812382496118,10000,2026,state_only_dynamics,0.01
node_soft_dtw,nrmse_auc_0_1LT,0.10679356161129643,0.0677001808178429,0.1564682921188681,10000,2026,state_only_dynamics,0.01
node_strong,nrmse_auc_0_1LT,0.07169256638042834,0.05728963751824391,0.08718525013536936,10000,2026,state_only_dynamics,0.01
node_weak,nrmse_auc_0_1LT,0.06310421019449415,0.05139983243031183,0.07622414855826343,10000,2026,state_only_dynamics,0.01
sindy_strong,nrmse_auc_0_1LT,0.005387971810257314,0.003924600436771191,0.007124377011451607,10000,2026,state_only_dynamics,0.01
sindy_weak,nrmse_auc_0_1LT,0.0013990961767266696,0.0010540356430356489,0.0017180153299845243,10000,2026,state_only_dynamics,0.01
sindy_weak_weighted,nrmse_auc_0_1LT,0.0018926712860111684,0.00125837693176371,0.00256646954924605,10000,2026,state_only_dynamics,0.01
sindy_weighted,nrmse_auc_0_1LT,0.005743510374472729,0.004152308579535475,0.007883821699949368,10000,2026,state_only_dynamics,0.01
node_soft_dtw,nrmse_auc_0_2LT,0.24824459087143622,0.1716974572642575,0.34236809247724215,10000,2026,state_only_dynamics,0.01
node_strong,nrmse_auc_0_2LT,0.1824299171588467,0.14822654389696288,0.22124525059402017,10000,2026,state_only_dynamics,0.01
node_weak,nrmse_auc_0_2LT,0.16631868547574982,0.13338188963452652,0.21273300608962645,10000,2026,state_only_dynamics,0.01
sindy_strong,nrmse_auc_0_2LT,0.01719801629156353,0.012353614660809014,0.02264061099448167,10000,2026,state_only_dynamics,0.01
sindy_weak,nrmse_auc_0_2LT,0.0045844467739563815,0.0034113653839764066,0.005935403061745426,10000,2026,state_only_dynamics,0.01
sindy_weak_weighted,nrmse_auc_0_2LT,0.005882811164050488,0.004057882740765341,0.007679571179109686,10000,2026,state_only_dynamics,0.01
sindy_weighted,nrmse_auc_0_2LT,0.01806412283234342,0.01244506852993288,0.024973773447864858,10000,2026,state_only_dynamics,0.01
node_soft_dtw,nrmse_auc_0_5LT,0.6663082829862824,0.5790064569821102,0.7581837784657434,10000,2026,state_only_dynamics,0.01
node_strong,nrmse_auc_0_5LT,0.5858836083387051,0.5242500588395381,0.6511992744748719,10000,2026,state_only_dynamics,0.01
node_weak,nrmse_auc_0_5LT,0.5606536766364111,0.4982458577201886,0.6317928574392306,10000,2026,state_only_dynamics,0.01
sindy_strong,nrmse_auc_0_5LT,0.12814496778279674,0.10590454278375343,0.15112680797157454,10000,2026,state_only_dynamics,0.01
sindy_weak,nrmse_auc_0_5LT,0.03726855825649068,0.02892307325797554,0.04784001191110035,10000,2026,state_only_dynamics,0.01
sindy_weak_weighted,nrmse_auc_0_5LT,0.044011220320583945,0.028355112728066692,0.06141657201643264,10000,2026,state_only_dynamics,0.01
sindy_weighted,nrmse_auc_0_5LT,0.1323298226113536,0.09968597818539873,0.1661153857852787,10000,2026,state_only_dynamics,0.01
node_soft_dtw,stability_fraction,1.0,1.0,1.0,10000,2026,state_only_dynamics,0.01
node_strong,stability_fraction,1.0,1.0,1.0,10000,2026,state_only_dynamics,0.01
node_weak,stability_fraction,1.0,1.0,1.0,10000,2026,state_only_dynamics,0.01
sindy_strong,stability_fraction,1.0,1.0,1.0,10000,2026,state_only_dynamics,0.01
sindy_weak,stability_fraction,1.0,1.0,1.0,10000,2026,state_only_dynamics,0.01
sindy_weak_weighted,stability_fraction,1.0,1.0,1.0,10000,2026,state_only_dynamics,0.01
sindy_weighted,stability_fraction,1.0,1.0,1.0,10000,2026,state_only_dynamics,0.01
node_soft_dtw,rq_mmd,0.00250191943843182,0.001403544141701829,0.003882269919194633,10000,2026,state_only_dynamics,0.01
node_strong,rq_mmd,0.00143088920499776,0.0008382708646657435,0.0023304361129862904,10000,2026,state_only_dynamics,0.01
node_weak,rq_mmd,0.0014343495968548803,0.0008890119345957252,0.002243099711210532,10000,2026,state_only_dynamics,0.01
sindy_strong,rq_mmd,0.0006528453173713602,0.00022921491777408,0.00121646106303118,10000,2026,state_only_dynamics,0.01
sindy_weak,rq_mmd,0.0008606968282834399,0.0004884692248507198,0.0015162510396070198,10000,2026,state_only_dynamics,0.01
sindy_weak_weighted,rq_mmd,0.0007238830463491002,0.00046685604245527994,0.00091489081326594,10000,2026,state_only_dynamics,0.01
sindy_weighted,rq_mmd,0.00112892643249108,0.00085826412249738,0.00135892609108024,10000,2026,state_only_dynamics,0.01
node_soft_dtw,wasserstein_x,0.7315005842983958,0.5067651317776156,0.9763039227109539,10000,2026,state_only_dynamics,0.01
node_strong,wasserstein_x,0.5042031253012557,0.30433458710061906,0.7223055929123231,10000,2026,state_only_dynamics,0.01
node_weak,wasserstein_x,0.5547344916302531,0.35633175326381006,0.7701994787044056,10000,2026,state_only_dynamics,0.01
sindy_strong,wasserstein_x,0.30218266377946507,0.1132562372127843,0.49110909034614575,10000,2026,state_only_dynamics,0.01
sindy_weak,wasserstein_x,0.08108708781878587,0.046086810762069406,0.11752616755978451,10000,2026,state_only_dynamics,0.01
sindy_weak_weighted,wasserstein_x,0.15641826746460033,0.06708398060839585,0.3090889709377214,10000,2026,state_only_dynamics,0.01
sindy_weighted,wasserstein_x,0.17315537742662399,0.10621711558578142,0.2400936392674665,10000,2026,state_only_dynamics,0.01
node_soft_dtw,wasserstein_y,0.7476332663971121,0.5295289733720581,0.9869686555339938,10000,2026,state_only_dynamics,0.01
node_strong,wasserstein_y,0.4949440072230165,0.29998503133764437,0.7053596587334411,10000,2026,state_only_dynamics,0.01
node_weak,wasserstein_y,0.5646558706581324,0.36903883004293275,0.7708549353541715,10000,2026,state_only_dynamics,0.01
sindy_strong,wasserstein_y,0.3109275551505262,0.1220911696197966,0.4997639406812557,10000,2026,state_only_dynamics,0.01
sindy_weak,wasserstein_y,0.08971814198611157,0.05417254473468695,0.12963110979340353,10000,2026,state_only_dynamics,0.01
sindy_weak_weighted,wasserstein_y,0.15836553951977714,0.06701669487737208,0.31716281907696714,10000,2026,state_only_dynamics,0.01
sindy_weighted,wasserstein_y,0.17833043847183544,0.10964317551765786,0.247017701426013,10000,2026,state_only_dynamics,0.01
node_soft_dtw,wasserstein_z,0.36698898152565107,0.27806561264905366,0.45953052591649435,10000,2026,state_only_dynamics,0.01
node_strong,wasserstein_z,0.1263959931479238,0.09016780052565404,0.17592535336101722,10000,2026,state_only_dynamics,0.01
node_weak,wasserstein_z,0.17949558265737137,0.11448827134506193,0.2561240554142363,10000,2026,state_only_dynamics,0.01
sindy_strong,wasserstein_z,0.05764277483898523,0.030168413918594483,0.09589921963587772,10000,2026,state_only_dynamics,0.01
sindy_weak,wasserstein_z,0.08659150328817083,0.04226468732041432,0.13317425647101622,10000,2026,state_only_dynamics,0.01
sindy_weak_weighted,wasserstein_z,0.06729353376396843,0.03404551079914421,0.10722901886054068,10000,2026,state_only_dynamics,0.01
sindy_weighted,wasserstein_z,0.07037261786400931,0.0400034150162515,0.10656345350017114,10000,2026,state_only_dynamics,0.01
node_soft_dtw,covariance_relative_error,0.05082687051806926,0.03575953835761899,0.07485861065333257,10000,2026,state_only_dynamics,0.01
node_strong,covariance_relative_error,0.02350839319660268,0.01886914716467711,0.029424363062913718,10000,2026,state_only_dynamics,0.01
node_weak,covariance_relative_error,0.02458042334471703,0.017585344986705692,0.031488817972683505,10000,2026,state_only_dynamics,0.01
sindy_strong,covariance_relative_error,0.013302564404749957,0.006072887944167179,0.020532240865332736,10000,2026,state_only_dynamics,0.01
sindy_weak,covariance_relative_error,0.005353327146172261,0.0034195664878150394,0.00735198303607148,10000,2026,state_only_dynamics,0.01
sindy_weak_weighted,covariance_relative_error,0.007806631119023638,0.003970575811518641,0.013222674600947015,10000,2026,state_only_dynamics,0.01
sindy_weighted,covariance_relative_error,0.00858016667028092,0.006785995291992481,0.010374338048569359,10000,2026,state_only_dynamics,0.01
node_soft_dtw,lyapunov_spectrum_relative_error,0.13410523741429298,0.10063858198898483,0.16923184639214248,10000,2026,state_only_dynamics,0.01
node_strong,lyapunov_spectrum_relative_error,0.5083541140492212,0.5017360406231071,0.5155250542597913,10000,2026,state_only_dynamics,0.01
node_weak,lyapunov_spectrum_relative_error,0.42730636810141825,0.4167786562508935,0.4364501259186289,10000,2026,state_only_dynamics,0.01
sindy_strong,lyapunov_spectrum_relative_error,0.0085263053544715,0.005309367801233779,0.012474668789916302,10000,2026,state_only_dynamics,0.01
sindy_weak,lyapunov_spectrum_relative_error,0.00812432739491728,0.004650477638435261,0.013015453846164822,10000,2026,state_only_dynamics,0.01
sindy_weak_weighted,lyapunov_spectrum_relative_error,0.005629250663210699,0.0035391001990790604,0.00866998145245312,10000,2026,state_only_dynamics,0.01
sindy_weighted,lyapunov_spectrum_relative_error,0.007515321956939962,0.005515156707418078,0.00926670329605352,10000,2026,state_only_dynamics,0.01
sindy_strong,coefficient_relative_error,0.00857022194069082,0.00754980773610048,0.009866664979773681,10000,2026,state_only_dynamics,0.01
sindy_weak,coefficient_relative_error,0.004162845887914421,0.0023768928105855603,0.005948798965243279,10000,2026,state_only_dynamics,0.01
sindy_weak_weighted,coefficient_relative_error,0.00653407695711838,0.003652170142242799,0.010790638505844281,10000,2026,state_only_dynamics,0.01
sindy_weighted,coefficient_relative_error,0.00948837003540076,0.0074652830150441375,0.011599700419085339,10000,2026,state_only_dynamics,0.01
node_soft_dtw,training_wall_time_seconds,1263.7198378007859,1207.764095257766,1314.535741313817,10000,2026,state_only_dynamics,0.01
node_strong,training_wall_time_seconds,25.262190704916915,12.059778245280809,38.68743077190593,10000,2026,state_only_dynamics,0.01
node_weak,training_wall_time_seconds,26.2858761344105,17.536092159130302,35.1626606519272,10000,2026,state_only_dynamics,0.01
sindy_strong,training_wall_time_seconds,0.5516107410813371,0.5354666297913839,0.5650142109828691,10000,2026,state_only_dynamics,0.01
sindy_weak,training_wall_time_seconds,1.215049791149795,1.182043533056664,1.2416565242704625,10000,2026,state_only_dynamics,0.01
sindy_weak_weighted,training_wall_time_seconds,1.0877715887501835,1.0803635950696964,1.0960525223876658,10000,2026,state_only_dynamics,0.01
sindy_weighted,training_wall_time_seconds,0.5448737472916643,0.5272249181444446,0.56101749901815,10000,2026,state_only_dynamics,0.01
node_soft_dtw,inference_seconds_per_trajectory,0.14707762736167446,0.13072578679988509,0.17176220583462656,10000,2026,state_only_dynamics,0.01
node_strong,inference_seconds_per_trajectory,0.14691681106147977,0.13105629773854163,0.17338176155322188,10000,2026,state_only_dynamics,0.01
node_weak,inference_seconds_per_trajectory,0.134768065980946,0.13071190713982406,0.14054505219406563,10000,2026,state_only_dynamics,0.01
sindy_strong,inference_seconds_per_trajectory,0.04184327729259769,0.041189677818862604,0.04246833106961272,10000,2026,state_only_dynamics,0.01
sindy_weak,inference_seconds_per_trajectory,0.04177282091889836,0.04094526859172518,0.04263867606826044,10000,2026,state_only_dynamics,0.01
sindy_weak_weighted,inference_seconds_per_trajectory,0.040141050592743886,0.03947477655229396,0.04077183975772633,10000,2026,state_only_dynamics,0.01
sindy_weighted,inference_seconds_per_trajectory,0.042537883268475164,0.041482031683747936,0.04353293533647952,10000,2026,state_only_dynamics,0.01
node_soft_dtw,vpt_restricted_lt,1.352861774307411,1.2112661256085466,1.5226875167568439,10000,2026,state_only_dynamics,0.05
node_strong,vpt_restricted_lt,1.9643484836020528,1.7146816267668838,2.2467043698480618,10000,2026,state_only_dynamics,0.05
node_weak,vpt_restricted_lt,1.8245360523572975,1.610421149453599,2.0619614716384955,10000,2026,state_only_dynamics,0.05
sindy_strong,vpt_restricted_lt,3.0368670179489454,2.8238175497116824,3.241376833467938,10000,2026,state_only_dynamics,0.05
sindy_weak,vpt_restricted_lt,4.7630281739785225,4.623399737758209,4.915439804272735,10000,2026,state_only_dynamics,0.05
sindy_weak_weighted,vpt_restricted_lt,4.656242076533314,4.383010297789102,5.059606031163798,10000,2026,state_only_dynamics,0.05
sindy_weighted,vpt_restricted_lt,3.0761018457860048,2.7662174731903293,3.384186706604148,10000,2026,state_only_dynamics,0.05
node_soft_dtw,nrmse_auc_0_1LT,0.22618044031356213,0.18991620003080356,0.2699552749120439,10000,2026,state_only_dynamics,0.05
node_strong,nrmse_auc_0_1LT,0.1112718032561603,0.08921325337601071,0.14156944971780383,10000,2026,state_only_dynamics,0.05
node_weak,nrmse_auc_0_1LT,0.13897644338639523,0.10388003442664902,0.18012917866670625,10000,2026,state_only_dynamics,0.05
sindy_strong,nrmse_auc_0_1LT,0.05013187974515538,0.04052063188491523,0.06080724169280889,10000,2026,state_only_dynamics,0.05
sindy_weak,nrmse_auc_0_1LT,0.008976650022431283,0.007216719042507475,0.01095803950228004,10000,2026,state_only_dynamics,0.05
sindy_weak_weighted,nrmse_auc_0_1LT,0.009407899610882951,0.007410656458362184,0.011711010766254288,10000,2026,state_only_dynamics,0.05
sindy_weighted,nrmse_auc_0_1LT,0.05027932975178775,0.04187734976187765,0.06044417556858987,10000,2026,state_only_dynamics,0.05
node_soft_dtw,nrmse_auc_0_2LT,0.5136462767166653,0.44558042388487795,0.5844077408021321,10000,2026,state_only_dynamics,0.05
node_strong,nrmse_auc_0_2LT,0.2913734307998898,0.23364753397042975,0.3556471306637925,10000,2026,state_only_dynamics,0.05
node_weak,nrmse_auc_0_2LT,0.34194573292849717,0.2710683715609184,0.42341809900810823,10000,2026,state_only_dynamics,0.05
sindy_strong,nrmse_auc_0_2LT,0.10588222252970955,0.09378849655600123,0.11933846473240295,10000,2026,state_only_dynamics,0.05
sindy_weak,nrmse_auc_0_2LT,0.025800467050190967,0.021867352994484567,0.031135807445954514,10000,2026,state_only_dynamics,0.05
sindy_weak_weighted,nrmse_auc_0_2LT,0.027766268069497387,0.021478694553666494,0.036064775848452926,10000,2026,state_only_dynamics,0.05
sindy_weighted,nrmse_auc_0_2LT,0.10806788430023803,0.09587422555467692,0.12115427548691668,10000,2026,state_only_dynamics,0.05
node_soft_dtw,nrmse_auc_0_5LT,0.9151545707556409,0.8701206774760567,0.9561037819222893,10000,2026,state_only_dynamics,0.05
node_strong,nrmse_auc_0_5LT,0.7232679006716455,0.6530936447112139,0.7809606247484466,10000,2026,state_only_dynamics,0.05
node_weak,nrmse_auc_0_5LT,0.7552007892569927,0.6865709293945388,0.820779272480339,10000,2026,state_only_dynamics,0.05
sindy_strong,nrmse_auc_0_5LT,0.45574349806339426,0.42050734505170073,0.4927701482257409,10000,2026,state_only_dynamics,0.05
sindy_weak,nrmse_auc_0_5LT,0.1597357040804787,0.14821967205683803,0.17230977078327403,10000,2026,state_only_dynamics,0.05
sindy_weak_weighted,nrmse_auc_0_5LT,0.173654056997896,0.14231421547845305,0.1969759945785484,10000,2026,state_only_dynamics,0.05
sindy_weighted,nrmse_auc_0_5LT,0.46323727884879706,0.4109318305535236,0.5142012504427866,10000,2026,state_only_dynamics,0.05
node_soft_dtw,stability_fraction,1.0,1.0,1.0,10000,2026,state_only_dynamics,0.05
node_strong,stability_fraction,0.9989583333333333,0.9958333333333333,1.0,10000,2026,state_only_dynamics,0.05
node_weak,stability_fraction,1.0,1.0,1.0,10000,2026,state_only_dynamics,0.05
sindy_strong,stability_fraction,1.0,1.0,1.0,10000,2026,state_only_dynamics,0.05
sindy_weak,stability_fraction,1.0,1.0,1.0,10000,2026,state_only_dynamics,0.05
sindy_weak_weighted,stability_fraction,1.0,1.0,1.0,10000,2026,state_only_dynamics,0.05
sindy_weighted,stability_fraction,1.0,1.0,1.0,10000,2026,state_only_dynamics,0.05
node_soft_dtw,rq_mmd,0.044075243833773266,0.009965705043922584,0.08991481032316115,10000,2026,state_only_dynamics,0.05
node_strong,rq_mmd,0.009325840949772677,0.005276112705419233,0.013751159812198,10000,2026,state_only_dynamics,0.05
node_weak,rq_mmd,0.017271455040473078,0.005540914314732494,0.033144044714724374,10000,2026,state_only_dynamics,0.05
sindy_strong,rq_mmd,0.0008008149073707798,0.00031769483446878003,0.0013723441706268598,10000,2026,state_only_dynamics,0.05
sindy_weak,rq_mmd,0.00121175083508062,0.00070341865051184,0.0016071517929909598,10000,2026,state_only_dynamics,0.05
sindy_weak_weighted,rq_mmd,0.00035710795390868014,0.00013288723838058,0.0005869080022869002,10000,2026,state_only_dynamics,0.05
sindy_weighted,rq_mmd,0.00102352024679286,0.0005607879662956801,0.0014862525272900397,10000,2026,state_only_dynamics,0.05
node_soft_dtw,wasserstein_x,3.005778832344787,1.7613972816600798,4.500739678492655,10000,2026,state_only_dynamics,0.05
node_strong,wasserstein_x,2.8636821477330616,1.3007072261309438,5.966598811927967,10000,2026,state_only_dynamics,0.05
node_weak,wasserstein_x,1.8785864462282584,0.8461070245309626,3.0002804980319895,10000,2026,state_only_dynamics,0.05
sindy_strong,wasserstein_x,0.2545828499330023,0.14416426917062106,0.39122075956021907,10000,2026,state_only_dynamics,0.05
sindy_weak,wasserstein_x,0.3120076373671114,0.2107886472418185,0.4132266274924042,10000,2026,state_only_dynamics,0.05
sindy_weak_weighted,wasserstein_x,0.17448324331073733,0.0878562578116783,0.26679299335191126,10000,2026,state_only_dynamics,0.05
sindy_weighted,wasserstein_x,0.44385396070069766,0.23817605223218674,0.6922860034689375,10000,2026,state_only_dynamics,0.05
node_soft_dtw,wasserstein_y,2.9994092011265794,1.7621595379243211,4.4898147839208935,10000,2026,state_only_dynamics,0.05
node_strong,wasserstein_y,3.0027395672632387,1.0673730926744804,7.138048611912608,10000,2026,state_only_dynamics,0.05
node_weak,wasserstein_y,1.9056911229945939,0.8944285513425246,2.979346441095543,10000,2026,state_only_dynamics,0.05
sindy_strong,wasserstein_y,0.2539935923148079,0.13668627582891124,0.40907222279037925,10000,2026,state_only_dynamics,0.05
sindy_weak,wasserstein_y,0.32226912332006447,0.22378065549765938,0.4207575911424694,10000,2026,state_only_dynamics,0.05
sindy_weak_weighted,wasserstein_y,0.18122880625973067,0.09485623760982205,0.27364385268070035,10000,2026,state_only_dynamics,0.05
sindy_weighted,wasserstein_y,0.4398284498640764,0.2334510494005736,0.6986172952953964,10000,2026,state_only_dynamics,0.05
node_soft_dtw,wasserstein_z,1.357814661287537,0.8241688935498154,2.0411135302444148,10000,2026,state_only_dynamics,0.05
node_strong,wasserstein_z,2.5383511504097607,0.1826638645553041,8.667521306986933,10000,2026,state_only_dynamics,0.05
node_weak,wasserstein_z,0.6659173735387199,0.3152012879418033,1.1013203897503336,10000,2026,state_only_dynamics,0.05
sindy_strong,wasserstein_z,0.31911397291802523,0.19959785403867872,0.43863009179737183,10000,2026,state_only_dynamics,0.05
sindy_weak,wasserstein_z,0.1027610333062258,0.0587306636770146,0.17185263745524412,10000,2026,state_only_dynamics,0.05
sindy_weak_weighted,wasserstein_z,0.0840946024240972,0.03659018268772502,0.1485281440432811,10000,2026,state_only_dynamics,0.05
sindy_weighted,wasserstein_z,0.35087353713947284,0.16991711921607347,0.5318299550628722,10000,2026,state_only_dynamics,0.05
node_soft_dtw,covariance_relative_error,0.2423149822860049,0.1308285235115622,0.38703482410052253,10000,2026,state_only_dynamics,0.05
node_strong,covariance_relative_error,7.721492723658975,0.05408210778754141,28.685000747932715,10000,2026,state_only_dynamics,0.05
node_weak,covariance_relative_error,0.11047321247336207,0.05221607341774733,0.18006221090326013,10000,2026,state_only_dynamics,0.05
sindy_strong,covariance_relative_error,0.0257140967837608,0.01619430138770378,0.03523389217981782,10000,2026,state_only_dynamics,0.05
sindy_weak,covariance_relative_error,0.014034376016015516,0.009960808959714122,0.01810794307231692,10000,2026,state_only_dynamics,0.05
sindy_weak_weighted,covariance_relative_error,0.009404548890992579,0.005849416270992602,0.012715407792577097,10000,2026,state_only_dynamics,0.05
sindy_weighted,covariance_relative_error,0.03158344271897966,0.01673110718156988,0.045906016118850194,10000,2026,state_only_dynamics,0.05
node_soft_dtw,lyapunov_spectrum_relative_error,0.048862472449450876,0.03138955500393883,0.07101659318604082,10000,2026,state_only_dynamics,0.05
node_strong,lyapunov_spectrum_relative_error,0.8827557100012676,0.8659695411183654,0.9005088829398621,10000,2026,state_only_dynamics,0.05
node_weak,lyapunov_spectrum_relative_error,0.5805002211931684,0.5515215832350008,0.6060900919942206,10000,2026,state_only_dynamics,0.05
sindy_strong,lyapunov_spectrum_relative_error,0.592634663023908,0.5908300758521308,0.5948160315812341,10000,2026,state_only_dynamics,0.05
sindy_weak,lyapunov_spectrum_relative_error,0.0166910567606311,0.013708392768471684,0.021335388725403838,10000,2026,state_only_dynamics,0.05
sindy_weak_weighted,lyapunov_spectrum_relative_error,0.01866086342399418,0.015522915149812043,0.021798811698176324,10000,2026,state_only_dynamics,0.05
sindy_weighted,lyapunov_spectrum_relative_error,0.5941327942231677,0.5896182452459449,0.5977158064415637,10000,2026,state_only_dynamics,0.05
sindy_strong,coefficient_relative_error,0.59595002473777,0.5892006977687625,0.6024673673679259,10000,2026,state_only_dynamics,0.05
sindy_weak,coefficient_relative_error,0.021737955438851674,0.01593552797237396,0.02724891806373584,10000,2026,state_only_dynamics,0.05
sindy_weak_weighted,coefficient_relative_error,0.029261860863357983,0.017881711115534826,0.04064201061118114,10000,2026,state_only_dynamics,0.05
sindy_weighted,coefficient_relative_error,0.603271813071712,0.5988744561504347,0.6088500476588814,10000,2026,state_only_dynamics,0.05
node_soft_dtw,training_wall_time_seconds,1253.096410283943,1191.0744643408805,1316.459033412334,10000,2026,state_only_dynamics,0.05
node_strong,training_wall_time_seconds,25.472294272482394,12.629521025065332,38.35006290932497,10000,2026,state_only_dynamics,0.05
node_weak,training_wall_time_seconds,25.033878784130017,16.613141755632437,33.57353050427822,10000,2026,state_only_dynamics,0.05
sindy_strong,training_wall_time_seconds,1.0555991355950634,1.0226373793914294,1.082919875859904,10000,2026,state_only_dynamics,0.05
sindy_weak,training_wall_time_seconds,1.1838926215966543,1.1533098673432445,1.2132406359367693,10000,2026,state_only_dynamics,0.05
sindy_weak_weighted,training_wall_time_seconds,1.102749601068596,1.0854533099740122,1.1282193644810468,10000,2026,state_only_dynamics,0.05
sindy_weighted,training_wall_time_seconds,1.0638404273738464,1.0349163051818808,1.0879559495579452,10000,2026,state_only_dynamics,0.05
node_soft_dtw,inference_seconds_per_trajectory,0.15836637863152037,0.13674999883570604,0.18437981852427276,10000,2026,state_only_dynamics,0.05
node_strong,inference_seconds_per_trajectory,0.1372317442204803,0.12928412339443937,0.15605531326693986,10000,2026,state_only_dynamics,0.05
node_weak,inference_seconds_per_trajectory,0.1333103831799235,0.13095196178471571,0.1367864343672651,10000,2026,state_only_dynamics,0.05
sindy_strong,inference_seconds_per_trajectory,0.09612467726789567,0.09502329944259444,0.09737983589795474,10000,2026,state_only_dynamics,0.05
sindy_weak,inference_seconds_per_trajectory,0.042924645916597545,0.04157360587938451,0.045083522170073845,10000,2026,state_only_dynamics,0.05
sindy_weak_weighted,inference_seconds_per_trajectory,0.040402109855494875,0.039827207176567694,0.040961050967610636,10000,2026,state_only_dynamics,0.05
sindy_weighted,inference_seconds_per_trajectory,0.09681613467982966,0.09451267515745708,0.09912962982360718,10000,2026,state_only_dynamics,0.05
