run_id,method,track,data_seed,model_seed,noise_level,forecast_horizon_lt,full_forecast_horizon_lt,full_horizon_vpt_censoring_fraction,full_horizon_restricted_mean_vpt_lt,restricted_mean_vpt_lt,median_vpt_lt,vpt_censoring_fraction,mean_normalized_squared_error,inference_wall_time_seconds,inference_seconds_per_trajectory,vector_field_evaluations,surrogate_evaluations,integration_internal_step,training_vector_field_evaluations,training_wall_time_seconds,parameter_count,optimizer_updates,peak_gpu_memory_bytes,parameter_relative_error,coefficient_relative_error,median_nrmse_auc_0_1LT,median_nrmse_auc_0_2LT,median_nrmse_auc_0_5LT,median_pinn_in_domain_auc_0_2LT,median_pinn_extrapolation_auc_2_5LT,stability_fraction,rq_mmd,covariance_relative_error,wasserstein_x,wasserstein_y,wasserstein_z,lyapunov_spectrum,lyapunov_spectrum_relative_error
sindy_strong__d1__m0__n0__k1,sindy_strong,state_only_dynamics,1,0,0.0,21.520495746028217,21.520495746028217,0.0,8.391671716703021,8.391671716703021,8.458395187106166,0.0,1.1125011607246322,12.879612801596522,0.1006219750124728,12516864,0,0.001,0,0.981480629183352,60,1,0,nan,0.0008145381085442,7.441021487926262e-05,0.0001729273065935,0.0022138387010049,0.0001729273065935,0.003419622907316,1.0,0.0002420166569572,0.0050995368622081,0.0881911113213712,0.0920032846757078,0.0144661002615946,"[0.9035832521265414, 0.05169045496458935, -14.619161593080229]",0.0043082711302842
sindy_strong__d1__m0__n0__k16,sindy_strong,state_only_dynamics,1,0,0.0,21.520495746028217,21.520495746028217,0.0,8.158175251292217,8.158175251292217,8.275708466002362,0.0,1.146456877242104,12.833303701132536,0.1002601851650979,12516864,0,0.001,0,1.0131982481107116,60,1,0,nan,0.0006118988050132,6.921505118060963e-05,0.000157895936288,0.0022815826484714,0.000157895936288,0.003619420721059,1.0,0.0002430273014433,0.0060768678610069,0.1437953474115005,0.1532724291392758,0.0166714294761342,"[0.9247803029287238, 0.03203174052788468, -14.619035743698364]",0.0033616019860408
sindy_strong__d1__m0__n0__k4,sindy_strong,state_only_dynamics,1,0,0.0,21.520495746028217,21.520495746028217,0.0,8.273282157987703,8.273282157987703,8.481231027244142,0.0,1.113958344334913,13.177482990548016,0.1029490858636563,12516864,0,0.001,0,0.9935510186478496,60,1,0,nan,0.000598900930501,6.810201711600824e-05,0.0001560400692709,0.0020988487793543,0.0001560400692709,0.0032588376685842,1.0,0.0001441724148447,0.0065490254171306,0.1129797589392921,0.1263407895229426,0.0301309138366293,"[0.9474442558474448, 0.015317190957987057, -14.62525526146856]",0.0038784644925987
sindy_strong__d1__m0__n0__k64,sindy_strong,state_only_dynamics,1,0,0.0,21.520495746028217,21.520495746028217,0.0,8.226540047705283,8.226540047705283,8.257439793891981,0.0,1.1281181055193534,13.089806644245982,0.1022641144081717,12516864,0,0.001,0,1.0983785102143884,60,1,0,nan,0.000607246832541,7.254070598943397e-05,0.0001623043577023,0.0023557056414451,0.0001623043577023,0.0038054869404669,1.0,0.000191157978882,0.0023775755170208,0.0209004673095784,0.0207456454658733,0.0269521715922117,"[1.0239827674087971, -0.04573431970733866, -14.640451302033386]",0.0091590105552214
sindy_weighted__d1__m0__n0__k1,sindy_weighted,state_only_dynamics,1,0,0.0,21.520495746028217,21.520495746028217,0.0,8.138051167170628,8.138051167170628,8.225469617698817,0.0,1.1468288515661034,12.967512276023626,0.1013086896564345,12516864,0,0.001,0,0.9700376614928246,60,1,0,nan,0.0008305058763011,7.04483880477646e-05,0.0002004819292532,0.0024388953848756,0.0002004819292532,0.0038510802609171,1.0,0.0003166623875694,0.0044820589586819,0.0861600089868065,0.0887199529628792,0.0426111717772879,"[1.0205986743281246, -0.03440615595919434, -14.649836209852925]",0.0090299167136006
sindy_weighted__d1__m0__n0__k16,sindy_weighted,state_only_dynamics,1,0,0.0,21.520495746028217,21.520495746028217,0.0,8.192143563497458,8.192143563497458,8.38988766669224,0.0,1.126804521110465,12.5914465803653,0.0983706764091039,12516864,0,0.001,0,1.0048810532316566,60,1,0,nan,0.0006114659036929,7.28865701575473e-05,0.0001657539985259,0.0022892738803211,0.0001657539985259,0.0036541849577682,1.0,0.0001086935732046,0.0061076718992759,0.1620281612264407,0.1704864391068894,0.0413273357601638,"[1.1700744914157797, -0.10678661608252507, -14.725627191900152]",0.021459914889239
sindy_weighted__d1__m0__n0__k4,sindy_weighted,state_only_dynamics,1,0,0.0,21.520495746028217,21.520495746028217,0.0,8.346856380432243,8.346856380432243,8.494932531326928,0.0,1.0947621662259777,13.1997506711632,0.1031230521184625,12516864,0,0.001,0,0.9788223057985306,60,1,0,nan,0.0006438239729466,6.637985882386849e-05,0.0001439440232935,0.0021006329613917,0.0001439440232935,0.003371350511943,1.0,0.0004236734608227,0.0035815866536716,0.0481129292062029,0.0528630365239037,0.0616777766631928,"[0.8951021834044928, -0.018115811094170584, -14.539546268021073]",0.0034462758842613
sindy_weighted__d1__m0__n0__k64,sindy_weighted,state_only_dynamics,1,0,0.0,21.520495746028217,21.520495746028217,0.0,8.111861313012387,8.111861313012387,8.161529265312485,0.0,1.1182413317515372,13.427030835300684,0.1048986784007866,12516864,0,0.001,0,1.086765918880701,60,1,0,nan,0.0006071044110425,7.439619796870757e-05,0.0001605816108448,0.0026154578893513,0.0001605816108448,0.0040566006457304,1.0,0.0010141070141322,0.0101894461658045,0.2052855273594155,0.215106118728811,0.0413211961595969,"[0.9182960679144455, -0.028097333701710036, -14.552244950130817]",0.0029081162179464
sindy_strong__d2__m0__n0__k1,sindy_strong,state_only_dynamics,2,0,0.0,20.92676390244085,20.92676390244085,0.0,8.185863707459514,8.185863707459514,8.353350322471478,0.0,1.0959816918007377,12.802893998101354,0.1000226093601668,12165632,0,0.001,0,0.8718078015372157,60,1,0,nan,0.0006156786228306,7.8350732416718e-05,0.0002318179564572,0.0032391556133488,0.0002318179564572,0.0051617623236775,1.0,0.0012720357987414,0.0024589701279949,0.0330709538969994,0.0322063105333237,0.0310737630355265,"[0.9755463146793679, -0.008624741892113878, -14.629166875539022]",0.0053873555640977
sindy_strong__d2__m0__n0__k16,sindy_strong,state_only_dynamics,2,0,0.0,20.92676390244085,20.92676390244085,0.0,8.23781524377341,8.23781524377341,8.252872625864386,0.0,1.1067403388084274,12.23446061462164,0.0955817235517315,12165632,0,0.001,0,1.0145837254822254,60,1,0,nan,0.0006014504881176,7.000544208336897e-05,0.0001796857411398,0.0031174156801641,0.0001796857411398,0.0049683014144178,1.0,0.0007004567877135,0.0054125076848884,0.0860883984518706,0.0904086056944082,0.0420983746740301,"[0.9861402810146349, -0.014236606213436845, -14.634103535326458]",0.00622180194104
sindy_strong__d2__m0__n0__k4,sindy_strong,state_only_dynamics,2,0,0.0,20.92676390244085,20.92676390244085,0.0,8.156533925282304,8.156533925282304,8.271141297974767,0.0,1.128949224249387,12.108178898692133,0.0945951476460322,12165632,0,0.001,0,0.9748199759051204,60,1,0,nan,0.0006103168578216,7.158439388708354e-05,0.0001865516346012,0.0033010519104671,0.0001865516346012,0.0051762566946659,1.0,0.0016250145344094,0.0046522136961807,0.0542226096769132,0.0547455702422861,0.0973621644257615,"[1.0404971419403661, -0.047987921991686076, -14.654666733458749]",0.0105846140408034
sindy_strong__d2__m0__n0__k64,sindy_strong,state_only_dynamics,2,0,0.0,20.92676390244085,20.92676390244085,0.0,8.139763855180977,8.139763855180977,8.312245810223123,0.0,1.1094194107114594,12.238705502822995,0.0956148867408046,12165632,0,0.001,0,1.0916279843077064,60,1,0,nan,0.0006057448553796,7.025213187053994e-05,0.0001803553259473,0.0033119136488598,0.0001803553259473,0.0051320759023628,1.0,0.0008179461279744,0.005722195342369,0.0679871756533946,0.0668887045661367,0.1230749097590715,"[0.989332751186435, -0.013428170127268622, -14.638112526469522]",0.0065458189568062
sindy_weighted__d2__m0__n0__k1,sindy_weighted,state_only_dynamics,2,0,0.0,20.92676390244085,20.92676390244085,0.0,8.2622924099213,8.2622924099213,8.339648818388694,0.0,1.0929438303982495,12.293959520757198,0.0960465587559156,12165632,0,0.001,0,0.8927481761202216,60,1,0,nan,0.0005857090431633,7.156434280996971e-05,0.0001885537736764,0.0029043786551558,0.0001885537736764,0.0045586950204155,1.0,0.0017203766572762,0.0046304336032781,0.0857089683946473,0.0972071655512159,0.0674511991793857,"[1.0118394752544597, -0.03515665649910732, -14.638456637858782]",0.0081690287435682
sindy_weighted__d2__m0__n0__k16,sindy_weighted,state_only_dynamics,2,0,0.0,20.92676390244085,20.92676390244085,0.0,8.172376289378022,8.172376289378022,8.220902449671222,0.0,1.0993383273543085,12.859147964045404,0.1004620934691047,12165632,0,0.001,0,0.9914341848343612,60,1,0,nan,0.0006030292218034,7.290427693812504e-05,0.000204507787675,0.0030066472730473,0.000204507787675,0.0047242835795131,1.0,0.0019574877864869,0.0123368143038769,0.2590826880982634,0.2662787547587169,0.0345192782174054,"[0.9621758012300723, 0.011435223634760955, -14.635845993725093]",0.0050154951897282
sindy_weighted__d2__m0__n0__k4,sindy_weighted,state_only_dynamics,2,0,0.0,20.92676390244085,20.92676390244085,0.0,8.139621131180114,8.139621131180114,8.225469617698815,0.0,1.1047692581072903,12.548273967579007,0.098033390371711,12165632,0,0.001,0,0.9981345487758516,60,1,0,nan,0.0006031736765898,7.114122734604851e-05,0.0001894926647795,0.0030741975912511,0.0001894926647795,0.0047058510453821,1.0,0.000725658581431,0.0051442988498401,0.1580930312312706,0.1638197846735715,0.0267366826481699,"[1.0086001806980558, -0.03246009018639595, -14.638287703943215]",0.0079249590316166
sindy_weighted__d2__m0__n0__k64,sindy_weighted,state_only_dynamics,2,0,0.0,20.92676390244085,20.92676390244085,0.0,8.126062351098192,8.126062351098192,8.248305457836793,0.0,1.1239587307730436,12.254109892994164,0.0957352335390169,12165632,0,0.001,0,1.086055465042591,60,1,0,nan,0.0006055915900016,7.118784501353242e-05,0.0001815834099794,0.0032900277709244,0.0001815834099794,0.0051856929817837,1.0,0.0011896834599594,0.0075825105483345,0.1257232425252645,0.1396043835089849,0.1000970014136709,"[0.9746748235783088, -0.010129426575486553, -14.626726195419993]",0.0052561620791423
sindy_strong__d3__m0__n0__k1,sindy_strong,state_only_dynamics,3,0,0.0,21.56616742630417,21.56616742630417,0.0,8.195426215517292,8.195426215517292,8.143260593202104,0.0,1.112187153918198,12.475559322163464,0.097465307204402,12544000,0,0.001,0,0.8817621376365423,60,1,0,nan,0.0006048393460854,7.631251000833733e-05,0.0001681850739648,0.0028448819672427,0.0001681850739648,0.0044871691648046,1.0,0.0007303759312247,0.0100139127989401,0.2372423318440301,0.2519115717997752,0.1528445399517549,"[0.796919502840993, 0.053155631827282, -14.512070788217628]",0.0099400647622331
sindy_strong__d3__m0__n0__k16,sindy_strong,state_only_dynamics,3,0,0.0,21.56616742630417,21.56616742630417,0.0,8.055271246670467,8.055271246670467,7.974275376181085,0.0,1.1567178369997455,12.776411056518556,0.0998157113790512,12544000,0,0.001,0,1.0216030543670058,60,1,0,nan,0.0006132001762263,7.046947867367424e-05,0.0001698837702557,0.0030699947788579,0.0001698837702557,0.0048106088874733,1.0,0.0004166023066387,0.009897256179497,0.1303934326424955,0.1392125505613573,0.2086522697180715,"[0.8868945797782208, 0.04975854545654178, -14.598871340224148]",0.0039217828837518
sindy_strong__d3__m0__n0__k4,sindy_strong,state_only_dynamics,3,0,0.0,21.56616742630417,21.56616742630417,0.0,8.320737888274433,8.320737888274433,8.207200945588436,0.0,1.1145518898430875,13.095276851207018,0.1023068504000548,12544000,0,0.001,0,0.9862982127815484,60,1,0,nan,0.0006027161299494,7.41519001801347e-05,0.0001593156919114,0.0028147796716891,0.0001593156919114,0.0044482634756261,1.0,0.0005313842373737,0.0055756947064367,0.0716427576507957,0.0720089732156418,0.1149480593782227,"[0.8643820643023873, 0.03655003700012147, -14.562968876039614]",0.0043123853299983
sindy_strong__d3__m0__n0__k64,sindy_strong,state_only_dynamics,3,0,0.0,21.56616742630417,21.56616742630417,0.0,8.082745616836469,8.082745616836469,8.001678384346656,0.0,1.155492238200725,12.424027675762773,0.0970627162168966,12544000,0,0.001,0,1.0780119337141514,60,1,0,nan,0.0006102680114429,7.19376298246574e-05,0.0001670634985909,0.0029617300175026,0.0001670634985909,0.0047007392269687,1.0,0.0003353200855324,0.0080206798038321,0.142221628987708,0.1388373414431378,0.1062153395525208,"[0.9584928669113145, 0.010783198886397746, -14.631493153071435]",0.0046229885541368
sindy_weighted__d3__m0__n0__k1,sindy_weighted,state_only_dynamics,3,0,0.0,21.56616742630417,21.56616742630417,0.0,8.088811386873118,8.088811386873118,8.038215728567415,0.0,1.1589173196047224,12.90119650773704,0.1007905977166956,12544000,0,0.001,0,0.8669484434649348,60,1,0,nan,0.0006369464565438,7.514520036310108e-05,0.0001731261044121,0.0031492924791016,0.0001731261044121,0.0049289561660012,1.0,0.0006330151032785,0.0089673380981117,0.1203905831418341,0.1317446924378501,0.1563074319295004,"[0.9003012157063756, 0.014025925541313553, -14.575974563399365]",0.0012916997476263
sindy_weighted__d3__m0__n0__k16,sindy_weighted,state_only_dynamics,3,0,0.0,21.56616742630417,21.56616742630417,0.0,8.13755163316761,8.13755163316761,8.102156080953748,0.0,1.1293533133509142,13.349944710731506,0.1042964430525899,12544000,0,0.001,0,0.9992241095751524,60,1,0,nan,0.0006048933817851,7.412070058463965e-05,0.0001658662996165,0.0028633068070775,0.0001658662996165,0.0046303519775663,1.0,0.0007233920092477,0.0056750391761039,0.0791519873787805,0.080964497779993,0.1416042060897779,"[1.1978617461044918, -0.07978395010327059, -14.780359509398131]",0.024384105681336
sindy_weighted__d3__m0__n0__k4,sindy_weighted,state_only_dynamics,3,0,0.0,21.56616742630417,21.56616742630417,0.0,8.168094569352153,8.168094569352153,8.134126257146914,0.0,1.1788283779441275,12.45496885664761,0.0973044441925594,12544000,0,0.001,0,0.8940003607422113,60,1,0,nan,0.000619973440478,7.673134283189403e-05,0.0001918580163377,0.0030239027761733,0.0001918580163377,0.0046977175723522,1.0,0.000433631738264,0.0067872774110152,0.1085630534096876,0.1219893779902311,0.1197374090944235,"[0.801088105202115, 0.04852052084575827, -14.51158473735523]",0.0096191808247452
sindy_weighted__d3__m0__n0__k64,sindy_weighted,state_only_dynamics,3,0,0.0,21.56616742630417,21.56616742630417,0.0,8.138550701173646,8.138550701173646,8.1478277612297,0.0,1.1388558647198823,13.42773599550128,0.1049041874648537,12544000,0,0.001,0,1.0920232124626637,60,1,0,nan,0.0006088788397678,7.391240810715357e-05,0.0001672880696347,0.0029026397523645,0.0001672880696347,0.0044517649354101,1.0,0.000457453527346,0.0036406814119283,0.0467667983714337,0.0532030787883911,0.0885295024523604,"[0.8562375425371151, 0.0029408717329861725, -14.521253608566429]",0.0057096556880858
sindy_strong__d4__m0__n0__k1,sindy_strong,state_only_dynamics,4,0,0.0,21.14598796776542,21.14598796776542,0.0,7.932885415931003,7.932885415931003,7.978842544208679,0.0,1.1387987436147071,12.374419994652271,0.0966751562082208,12295680,0,0.001,0,0.8966597132384777,60,1,0,nan,0.0008743317564563,8.220994349450995e-05,0.0002479994500378,0.0036809176937995,0.0002479994500378,0.0058040374416172,1.0,0.000687137632898,0.0038261397552284,0.1158336884057316,0.1207213516323124,0.0266036172815153,"[0.7850587361156834, 0.04684800493774761, -14.492770299312586]",0.0111333701737968
sindy_strong__d4__m0__n0__k16,sindy_strong,state_only_dynamics,4,0,0.0,21.14598796776542,21.14598796776542,0.0,8.537392921583477,8.537392921583477,8.590843059906426,0.0,1.0961500083882385,12.10901503264904,0.0946016799425706,12295680,0,0.001,0,1.0082290675491097,60,1,0,nan,0.0006047410362712,6.683916531207635e-05,0.0001512125655659,0.0021082839281221,0.0001512125655659,0.0034237904826263,1.0,0.0010662102178853,0.0022790917265283,0.0504008085286927,0.0541009735908269,0.0548075570105448,"[0.816394324393124, 0.03126503102077039, -14.509699982957637]",0.0085221924378764
sindy_strong__d4__m0__n0__k4,sindy_strong,state_only_dynamics,4,0,0.0,21.14598796776542,21.14598796776542,0.0,8.481659199246728,8.481659199246728,8.55887288371326,0.0,1.08143080167657,12.689865553751588,0.0991395746386842,12295680,0,0.001,0,0.9769890774041414,60,1,0,nan,0.0006119590193563,6.722737951880012e-05,0.0001549493021408,0.0022626294031608,0.0001549493021408,0.0036430315241896,1.0,0.0013615483866988,0.0020803512147773,0.0263335055621481,0.0262966152250106,0.0417560930645086,"[0.7901939591687649, 0.04204699553887054, -14.494058468707756]",0.0107198467223272
sindy_strong__d4__m0__n0__k64,sindy_strong,state_only_dynamics,4,0,0.0,21.14598796776542,21.14598796776542,0.0,8.60447320198878,8.60447320198878,8.631947572154782,0.0,1.102110012579372,12.40747157111764,0.0969333716493565,12295680,0,0.001,0,0.9621906746178864,60,1,0,nan,0.0006047229120193,6.760238767538362e-05,0.0001444773536655,0.0020676178985085,0.0001444773536655,0.0033200400746645,1.0,0.0011858829821647,0.0091557951760893,0.2294132500845659,0.2383593673971818,0.0296767611898749,"[0.8283054767895729, 0.014925463990483723, -14.50522169171395]",0.0078955779372353
sindy_weighted__d4__m0__n0__k1,sindy_weighted,state_only_dynamics,4,0,0.0,21.14598796776542,21.14598796776542,0.0,7.3436493783708015,7.3436493783708015,7.270931499931435,0.0,1.2044055204604545,12.467118548229337,0.0973993636580417,12295680,0,0.001,0,0.9835161678493024,60,1,0,nan,0.0016890491082947,0.0001324172457069,0.0004268832782796,0.0073423607891481,0.0004268832782796,0.0117537382101135,1.0,0.0007286588810209,0.0045992382120595,0.077884360265872,0.0852386897348742,0.0512261548800927,"[0.7313519940237687, 0.019477252615801934, -14.410302373522526]",0.0171701898097762
sindy_weighted__d4__m0__n0__k16,sindy_weighted,state_only_dynamics,4,0,0.0,21.14598796776542,21.14598796776542,0.0,8.532968477556743,8.532968477556743,8.590843059906426,0.0,1.1125527831449176,12.304838797077537,0.0961315531021682,12295680,0,0.001,0,0.9128559548407792,60,1,0,nan,0.000611689544071,6.659900428939258e-05,0.0001546562508706,0.0022563552072232,0.0001546562508706,0.0035065187656719,1.0,0.0006231945506085,0.0034291214284355,0.0505522576392899,0.0584291167094346,0.0764053552904608,"[0.8464278782682974, 0.004348177351031947, -14.512819042712895]",0.0065926076832909
sindy_weighted__d4__m0__n0__k4,sindy_weighted,state_only_dynamics,4,0,0.0,21.14598796776542,21.14598796776542,0.0,8.518267905467923,8.518267905467923,8.56800721976845,0.0,1.0890793561140455,12.416305987164378,0.0970023905247217,12295680,0,0.001,0,0.8881570044904947,60,1,0,nan,0.0006089074467548,6.585253774287988e-05,0.0001589796119463,0.0023870997923931,0.0001589796119463,0.0038453844288883,1.0,0.0005477967793952,0.009203283858597,0.2173953051187206,0.2183600868767846,0.0216482341489722,"[0.7843661318953501, 0.06170996799149431, -14.50813208439439]",0.0109705047036681
sindy_weighted__d4__m0__n0__k64,sindy_weighted,state_only_dynamics,4,0,0.0,21.14598796776542,21.14598796776542,0.0,8.534752527567523,8.534752527567523,8.586275891878831,0.0,1.0936456267348789,12.75170586630702,0.0996227020805236,12295680,0,0.001,0,1.089551392942667,60,1,0,nan,0.0006043332709144,6.731585649782433e-05,0.0001432304926501,0.0022185764838047,0.0001432304926501,0.0036090828627661,1.0,0.0008297019583716,0.0032990575544191,0.0747878281585579,0.0715016243678123,0.016113404618075,"[0.7796108851853943, 0.057805294135409774, -14.499421478121036]",0.0114224289647654
sindy_strong__d5__m0__n0__k1,sindy_strong,state_only_dynamics,5,0,0.0,21.6301077786905,21.6301077786905,0.0,8.383679172654729,8.383679172654729,8.38988766669224,0.0,1.138235441859224,12.915137022733688,0.1008995079901069,12581888,0,0.001,0,0.8566837506368756,60,1,0,nan,0.000603944848059,7.565613150513323e-05,0.0001661504227314,0.0028832826527587,0.0001661504227314,0.0044537786409665,1.0,0.0009016194783,0.0204017714555987,0.5178119694040362,0.5304558457646121,0.0223895229440252,"[0.9536080226740616, -0.0519296434350125, -14.56369450222011]",0.0047628402154316
sindy_strong__d5__m0__n0__k16,sindy_strong,state_only_dynamics,5,0,0.0,21.6301077786905,21.6301077786905,0.0,8.287126386071352,8.287126386071352,8.225469617698817,0.0,1.154040527636768,12.564357608556747,0.0981590438168495,12581888,0,0.001,0,0.886007041670382,60,1,0,nan,0.0006117926406808,7.480126166384267e-05,0.0001685416303722,0.0029510101672625,0.0001685416303722,0.00458752095839,1.0,0.0006394787672665,0.0045433686726529,0.0527367969365159,0.0550337912858634,0.0887322281393074,"[0.9241343325986819, -0.03866316665389863, -14.547568877197708]",0.0037117455619041
sindy_strong__d5__m0__n0__k4,sindy_strong,state_only_dynamics,5,0,0.0,21.6301077786905,21.6301077786905,0.0,8.354349390477516,8.354349390477516,8.289409970085147,0.0,1.1529855860068736,12.48613103851676,0.0975478987384121,12581888,0,0.001,0,0.9876247895881534,60,1,0,nan,0.0006147855646734,7.396856232207366e-05,0.0001664976008065,0.0029724345166665,0.0001664976008065,0.0048030429081953,1.0,0.0004689788252463,0.0040497054697111,0.0684758129418437,0.0714661852538765,0.0248418102853401,"[0.9204347503867878, -0.03750601623153195, -14.54493777914996]",0.0037306252333242
sindy_strong__d5__m0__n0__k64,sindy_strong,state_only_dynamics,5,0,0.0,21.6301077786905,21.6301077786905,0.0,8.284914164057984,8.284914164057984,8.325947314305909,0.0,1.1473630294829749,13.146690944209697,0.1027085230016382,12581888,0,0.001,0,0.966036300174892,60,1,0,nan,0.0006092077462251,7.964605397631736e-05,0.0001775908729322,0.0031736538018509,0.0001775908729322,0.0047132255897114,1.0,0.000545767485222,0.0026377991996228,0.0478941337349694,0.0493699786457931,0.0782309930737976,"[0.9385648814348098, -0.04510067085888812, -14.555636634156196]",0.0040672762575033
sindy_weighted__d5__m0__n0__k1,sindy_weighted,state_only_dynamics,5,0,0.0,21.6301077786905,21.6301077786905,0.0,8.12534873109388,8.12534873109388,8.019947056457035,0.0,1.1658629607785944,12.477160954847932,0.0974778199597494,12581888,0,0.001,0,0.982635679654777,60,1,0,nan,0.0006611434923137,8.284277831048552e-05,0.0002411255186215,0.0039725839802836,0.0002411255186215,0.0063645333530349,1.0,0.0011406036365635,0.0065841381865485,0.1514434674852576,0.1530814095638608,0.0196686296929069,"[0.9529161081640861, -0.057820752294149264, -14.556761274565785]",0.0051933472031121
sindy_weighted__d5__m0__n0__k16,sindy_weighted,state_only_dynamics,5,0,0.0,21.6301077786905,21.6301077786905,0.0,8.308463624200272,8.308463624200272,8.207200945588436,0.0,1.1684440596513002,12.6819626390934,0.0990778331179171,12581888,0,0.001,0,0.9990421459078788,60,1,0,nan,0.0006122217000923,7.440763419912854e-05,0.0001802510402685,0.0029627215571504,0.0001802510402685,0.0046595863886457,1.0,0.0007403160500896,0.0063275134981437,0.1108571397006715,0.1148431571063103,0.0897890677451412,"[0.9366004489291606, -0.051139425039587336, -14.547503477638466]",0.0046090288684481
sindy_weighted__d5__m0__n0__k4,sindy_weighted,state_only_dynamics,5,0,0.0,21.6301077786905,21.6301077786905,0.0,8.260508359910522,8.260508359910522,8.257439793891981,0.0,1.1727058671911124,12.67340351641178,0.099010964971967,12581888,0,0.001,0,0.9851629603654146,60,1,0,nan,0.0006049499731171,7.443500396885625e-05,0.0001695134553655,0.0029614321738039,0.0001695134553655,0.0046897721396222,1.0,0.0002882414118154,0.0059632966113968,0.1166240225255694,0.1247417749901038,0.0631454510690136,"[0.9548719600516717, -0.06181499437963862, -14.554973056883572]",0.0055188886782497
sindy_weighted__d5__m0__n0__k64,sindy_weighted,state_only_dynamics,5,0,0.0,21.6301077786905,21.6301077786905,0.0,8.289267246084286,8.289267246084286,8.325947314305909,0.0,1.1455957262776657,12.94716383703053,0.101149717476801,12581888,0,0.001,0,1.082744186744094,60,1,0,nan,0.0006086818517369,7.648793506287308e-05,0.0001807614771078,0.0030337420628458,0.0001807614771078,0.0047676760608618,1.0,0.0002723244892117,0.0062045403469372,0.1606995013241543,0.1660549078887078,0.0410846092066055,"[0.9239657401531534, -0.03842044161279709, -14.547644327063532]",0.0036937910345024
sindy_strong__d1__m0__n0.001__k1,sindy_strong,state_only_dynamics,1,0,0.001,21.520495746028217,21.520495746028217,0.0,5.513071343310331,5.513071343310331,5.380123936507054,0.0,1.3598917619411075,12.915387246757746,0.1009014628652948,12516864,0,0.001,0,0.9764084378257394,60,1,0,nan,0.01165017048215,0.0009778366633861,0.003072684543514,0.0415520604156953,0.003072684543514,0.066535600749843,1.0,0.0003294973662952,0.0072880306685341,0.1895843587732806,0.2005382699540632,0.0530567713380307,"[0.9929412164953623, -0.0162303649866604, -14.512705604001162]",0.0073227551646741
sindy_strong__d1__m0__n0.001__k16,sindy_strong,state_only_dynamics,1,0,0.001,21.520495746028217,21.520495746028217,0.0,6.656147866216873,6.656147866216873,6.645229480150904,0.0,1.2852727892867355,12.377782979980111,0.0967014295310946,12516864,0,0.001,0,1.0128102600574491,60,1,0,nan,0.0043747514943983,0.0004275790171539,0.00107030728223,0.0118191808696338,0.00107030728223,0.018927786542486,1.0,0.0003394455441452,0.0123925313260292,0.280843745171864,0.2773891173133513,0.0428205743147988,"[0.9948528592496438, -0.0288965023447148, -14.585702153020314]",0.0059627070819158
sindy_strong__d1__m0__n0.001__k4,sindy_strong,state_only_dynamics,1,0,0.001,21.520495746028217,21.520495746028217,0.0,6.479098743147131,6.479098743147131,6.485378599185074,0.0,1.2927311583611445,12.426038924604654,0.0970784290984738,12516864,0,0.001,0,0.9849920384585856,60,1,0,nan,0.0037882892505311,0.0005224267861759,0.001371689098335,0.0155611845493129,0.001371689098335,0.022696885358394,1.0,0.0002061365420733,0.0087749235165207,0.1890545771633315,0.1880746620253695,0.0327324274080915,"[0.9978616162794276, -0.024759792817278654, -14.575219628696026]",0.0060767950351089
sindy_strong__d1__m0__n0.001__k64,sindy_strong,state_only_dynamics,1,0,0.001,21.520495746028217,21.520495746028217,0.0,6.479669639150581,6.479669639150581,6.558453287626596,0.0,1.2939281909332354,13.305756650865078,0.1039512238348834,12516864,0,0.001,0,1.0874334424734116,60,1,0,nan,0.0038081049339935,0.0004302124183305,0.0008278084934759,0.0121139740654807,0.0008278084934759,0.0194034413271052,1.0,0.0002571983784642,0.0129554057103458,0.2931130632479781,0.2932587123220482,0.0443684563493918,"[0.9614035650612968, -0.0018241736148580925, -14.568434939588847]",0.0034208039695978
sindy_weighted__d1__m0__n0.001__k1,sindy_weighted,state_only_dynamics,1,0,0.001,21.520495746028217,21.520495746028217,0.0,6.033871222457038,6.033871222457038,5.95558710798404,0.0,1.3396522138685112,12.5766913164407,0.0982554009096929,12516864,0,0.001,0,0.9797149328514934,60,1,0,nan,0.0103908481625178,0.0008047295991616,0.0023837662283823,0.0251969241148507,0.0023837662283823,0.0371758906188215,1.0,0.0004981660156255,0.0137711929431913,0.3454314016168673,0.3526020979331761,0.0545939525649013,"[0.9992265832643911, -0.023070573057798395, -14.510128518765786]",0.0078468190193518
sindy_weighted__d1__m0__n0.001__k16,sindy_weighted,state_only_dynamics,1,0,0.001,21.520495746028217,21.520495746028217,0.0,6.53804375550328,6.53804375550328,6.604124967902547,0.0,1.31641293793911,13.072717640548944,0.1021306065667886,12516864,0,0.001,0,0.9973444230854512,60,1,0,nan,0.0045708866647372,0.0004391886984287,0.0010343382342919,0.0128266109950172,0.0010343382342919,0.0199911120722358,1.0,0.0002211281054349,0.008026136324088,0.1884585657658417,0.1870919229193935,0.0555771569515355,"[0.9446947761942441, 0.008575230922726176, -14.567585829681818]",0.0023995729549596
sindy_weighted__d1__m0__n0.001__k4,sindy_weighted,state_only_dynamics,1,0,0.001,21.520495746028217,21.520495746028217,0.0,6.730007536663138,6.730007536663138,6.608692135930143,0.0,1.2975242939102225,12.463289121165872,0.0973694462591083,12516864,0,0.001,0,0.9896303405985236,60,1,0,nan,0.0059521030798075,0.0004332626721428,0.0009904407320303,0.0121781008577316,0.0009904407320303,0.0198316008163,1.0,0.000650852752958,0.0113304805218139,0.2429752927119444,0.242764596005142,0.0446933064976331,"[0.8576432238360255, -0.002212154175024251, -14.481527832964169]",0.0078689411561686
sindy_weighted__d1__m0__n0.001__k64,sindy_weighted,state_only_dynamics,1,0,0.001,21.520495746028217,21.520495746028217,0.0,6.45412204299622,6.45412204299622,6.48994576721267,0.0,1.306915374108409,12.730804115533829,0.099459407152608,12516864,0,0.001,0,1.1001941561698914,60,1,0,nan,0.0039970265184345,0.0004312828826131,0.000916434202604,0.0144988804990711,0.000916434202604,0.0230775960950287,1.0,0.0004175176997236,0.0128363027518354,0.3315050289162353,0.3380139199312925,0.0686417113037276,"[0.9483342892105627, 0.003311405461901224, -14.563656657473008]",0.0026994401772777
sindy_strong__d2__m0__n0.001__k1,sindy_strong,state_only_dynamics,2,0,0.001,20.92676390244085,20.92676390244085,0.0,6.050355844556638,6.050355844556638,6.074333476701513,0.0,1.309461060705056,12.363388426601889,0.0965889720828272,12165632,0,0.001,0,0.976494738832116,60,1,0,nan,0.0075770611651445,0.0007678184932961,0.0023992637281414,0.0298421136340077,0.0023992637281414,0.0456263695920554,1.0,0.0004028466603522,0.0028708480871084,0.0296755714331974,0.0300112808105081,0.0419275182057896,"[1.008984699662472, -0.018442949746008713, -14.594046493353614]",0.006736913509344
sindy_strong__d2__m0__n0.001__k16,sindy_strong,state_only_dynamics,2,0,0.001,20.92676390244085,20.92676390244085,0.0,6.638021918107355,6.638021918107355,6.695468328454449,0.0,1.289136612417317,12.730175070464613,0.0994544927380047,12165632,0,0.001,0,0.9497669581323862,60,1,0,nan,0.0047290415415956,0.0004476405685493,0.0010183073895328,0.0145319925437261,0.0010183073895328,0.0217209242909881,1.0,0.0008427290020274,0.0027093103576743,0.0214391723324863,0.0260801614732232,0.0323956235874683,"[1.0120752411091656, -0.04032086639230428, -14.576384787072985]",0.0073529926815759
sindy_strong__d2__m0__n0.001__k4,sindy_strong,state_only_dynamics,2,0,0.001,20.92676390244085,20.92676390244085,0.0,6.656647400219892,6.656647400219892,6.599557799874952,0.0,1.2670819541177305,12.686207331717014,0.0991109947790391,12165632,0,0.001,0,0.9877898134291172,60,1,0,nan,0.0056947572767068,0.0005349526134517,0.0014580755990174,0.0169604552528416,0.0014580755990174,0.0259872265172743,1.0,0.0002897414532001,0.009773815706798,0.3001871801975062,0.3133076551845066,0.0264712347099222,"[0.9978195973463897, -0.024344792998666168, -14.577676648795771]",0.006055108869758
sindy_strong__d2__m0__n0.001__k64,sindy_strong,state_only_dynamics,2,0,0.001,20.92676390244085,20.92676390244085,0.0,6.544537697542518,6.544537697542518,6.622393640012928,0.0,1.2968643806868865,12.483141308650374,0.097524541473831,12165632,0,0.001,0,1.0839317627251148,60,1,0,nan,0.0037628884080292,0.000415359702816,0.0009452668380816,0.0163496770327862,0.0009452668380816,0.0252080447179169,1.0,0.0007594456297221,0.0095582193495841,0.2328634774160433,0.2319228417631477,0.0746184530963039,"[0.9479931607420882, 0.022905554568070866, -14.575468158468292]",0.0028046231487297
sindy_weighted__d2__m0__n0.001__k1,sindy_weighted,state_only_dynamics,2,0,0.001,20.92676390244085,20.92676390244085,0.0,5.641380220085583,5.641380220085583,5.56281065761086,0.0,1.333826501597265,12.73206771351397,0.0994692790118279,12165632,0,0.001,0,0.9856847012415528,60,1,0,nan,0.0131415291894453,0.0010559704199802,0.0030340158472882,0.043801496168141,0.0030340158472882,0.0626330980730362,1.0,0.0004163246261192,0.0073567835058935,0.1132675115966024,0.1242569932537506,0.0690749220466668,"[1.0178450344160443, -0.025848060905728, -14.582385899314515]",0.007393892829287
sindy_weighted__d2__m0__n0.001__k16,sindy_weighted,state_only_dynamics,2,0,0.001,20.92676390244085,20.92676390244085,0.0,6.693755640444102,6.693755640444102,6.690901160426854,0.0,1.2609730942476214,11.934389811009169,0.0932374203985091,12165632,0,0.001,0,0.8994560791179538,60,1,0,nan,0.0046902781714469,0.0004472637891751,0.001028605957715,0.0139725381647961,0.001028605957715,0.0212170699931065,1.0,0.0008225672694361,0.0049976434394071,0.1526015451008089,0.155647648324284,0.0356161583690101,"[0.9659141078420492, -0.001414774874696238, -14.578408634752632]",0.0036072379499643
sindy_weighted__d2__m0__n0.001__k4,sindy_weighted,state_only_dynamics,2,0,0.001,20.92676390244085,20.92676390244085,0.0,6.313110730144221,6.313110730144221,6.293557542026079,0.0,1.2988049984316787,11.957180311903358,0.0934154711867449,12165632,0,0.001,0,0.983939585275948,60,1,0,nan,0.0078959590233142,0.0006802284443361,0.001874105914986,0.0239015217073644,0.001874105914986,0.0381182289785309,1.0,0.0009926574651539,0.0023772833111685,0.0205510159335777,0.0217573970736599,0.0206515050922778,"[0.9859007085083684, -0.011185279806262202, -14.57025116843475]",0.0051032006890321
sindy_weighted__d2__m0__n0.001__k64,sindy_weighted,state_only_dynamics,2,0,0.001,20.92676390244085,20.92676390244085,0.0,6.5957756138521,6.5957756138521,6.631527976068118,0.0,1.2875634734454555,12.663818787783384,0.0989360842795576,12165632,0,0.001,0,1.095010812394321,60,1,0,nan,0.0036441874425212,0.0004086245446397,0.0009955584287475,0.0149849058695069,0.0009955584287475,0.0226858498362535,1.0,0.0005307195679375,0.0035022646192462,0.0263630782114335,0.0282838828860121,0.0349451599858859,"[0.8855816492041191, 0.02638123886453415, -14.523867586590868]",0.0047183877984144
sindy_strong__d3__m0__n0.001__k1,sindy_strong,state_only_dynamics,3,0,0.001,21.56616742630417,21.56616742630417,0.0,6.715021516572591,6.715021516572591,6.631527976068118,0.0,1.234503900212566,12.577542159706354,0.0982620481227058,12544000,0,0.001,0,0.8812866676598787,60,1,0,nan,0.0065640892577719,0.0005449278685589,0.0010754928958373,0.0135776188337405,0.0010754928958373,0.0217443835511795,1.0,0.0004300002034787,0.0098743298736046,0.1073594106400363,0.1090274421787722,0.1926104066526946,"[0.9243218753337324, 0.024589791187941714, -14.583752878402935]",0.0017286600106826
sindy_strong__d3__m0__n0.001__k16,sindy_strong,state_only_dynamics,3,0,0.001,21.56616742630417,21.56616742630417,0.0,6.7003923064842015,6.7003923064842015,6.52648311143343,0.0,1.2644236380854652,12.694387251511216,0.0991749004024313,12544000,0,0.001,0,1.005409361794591,60,1,0,nan,0.0033068075889707,0.0004491695945677,0.0008008527977716,0.0129270069365895,0.0008008527977716,0.0208356494021835,1.0,0.0008404124310885,0.009331340162361,0.2429339486607016,0.2522567800485442,0.0998358187265013,"[0.9918845992562604, -0.02068857886349767, -14.583019356131249]",0.0055875233014453
sindy_strong__d3__m0__n0.001__k4,sindy_strong,state_only_dynamics,3,0,0.001,21.56616742630417,21.56616742630417,0.0,6.996187798271416,6.996187798271416,6.987767082220538,0.0,1.234569321350512,12.356874270364642,0.0965380802372237,12544000,0,0.001,0,0.9865507679060102,60,1,0,nan,0.0029501222212127,0.000456643921879,0.0008582008488753,0.0104112801553939,0.0008582008488753,0.0166900667565854,1.0,0.0005687672994036,0.0095653572690314,0.2133073432691747,0.2222503867913277,0.1243933592980539,"[1.0377500661130308, -0.03260353229642908, -14.631916393758575]",0.0094684134700802
sindy_strong__d3__m0__n0.001__k64,sindy_strong,state_only_dynamics,3,0,0.001,21.56616742630417,21.56616742630417,0.0,6.61461518196593,6.61461518196593,6.558453287626596,0.0,1.2541803769963429,12.790142504498364,0.0999229883163934,12544000,0,0.001,0,1.0853272192180157,60,1,0,nan,0.0034032105228761,0.0004527045045794,0.0008416392783277,0.0133699208235695,0.0008416392783277,0.0215695912247828,1.0,0.0008878768537985,0.0080699958190893,0.1237933028980348,0.1245790203325256,0.1921401292900208,"[0.8478225037911463, 0.005390456368967259, -14.461226010914354]",0.0094085761011971
sindy_weighted__d3__m0__n0.001__k1,sindy_weighted,state_only_dynamics,3,0,0.001,21.56616742630417,21.56616742630417,0.0,6.3739825165120125,6.3739825165120125,6.3666322304676015,0.0,1.2884135772045686,12.511733550578356,0.0977479183638934,12544000,0,0.001,0,0.9889431856572628,60,1,0,nan,0.0046500919100625,0.0005794970811326,0.0013607056726406,0.0163585292016799,0.0013607056726406,0.0249604100913889,1.0,0.0006387546285027,0.0047497393941045,0.064470732086927,0.0689407577757124,0.1218659000133507,"[0.8785925299657277, -0.010678195397282094, -14.482470835341395]",0.0072665118404408
sindy_weighted__d3__m0__n0.001__k16,sindy_weighted,state_only_dynamics,3,0,0.001,21.56616742630417,21.56616742630417,0.0,6.511354367342022,6.511354367342022,6.471677095102288,0.0,1.3328556989390223,12.344462992623448,0.0964411171298706,12544000,0,0.001,0,0.9082612143829464,60,1,0,nan,0.0033493183042009,0.0004594523375196,0.0009766258330394,0.0144070537422722,0.0009766258330394,0.021973844049379,1.0,0.0006671489897152,0.0084256230956359,0.1750451283187528,0.1851083697320567,0.1184931296326284,"[0.8825112049902945, 0.07232435129473881, -14.572717092082238]",0.0053040888733847
sindy_weighted__d3__m0__n0.001__k4,sindy_weighted,state_only_dynamics,3,0,0.001,21.56616742630417,21.56616742630417,0.0,6.5014350492820885,6.5014350492820885,6.503647271295455,0.0,1.2871877902464617,12.673733394593,0.0990135421452578,12544000,0,0.001,0,0.900985239073634,60,1,0,nan,0.0057767264428377,0.0004815639171093,0.0011111677239829,0.0133450812879243,0.0011111677239829,0.020765620175423,1.0,0.000876428254509,0.0130394927813572,0.2822473852878242,0.2935817120197744,0.1437466839323192,"[0.8366589055980702, 0.025564716535528668, -14.48614322127981]",0.0085592044363983
sindy_weighted__d3__m0__n0.001__k64,sindy_weighted,state_only_dynamics,3,0,0.001,21.56616742630417,21.56616742630417,0.0,6.447199928954396,6.447199928954396,6.4488412549643135,0.0,1.286678169203884,12.856300979852676,0.100439851405099,12544000,0,0.001,0,0.9896583985537292,60,1,0,nan,0.0031888362340327,0.000451924519813,0.0009280113251165,0.0139642593258766,0.0009280113251165,0.0225773738289583,1.0,0.0005121474363944,0.0140847742131564,0.3152767372984246,0.3340231323455394,0.1575926207655473,"[0.8810298626252043, -0.009745296392300972, -14.488698587146473]",0.0068047666159396
sindy_strong__d4__m0__n0.001__k1,sindy_strong,state_only_dynamics,4,0,0.001,21.14598796776542,21.14598796776542,0.0,6.716948290584233,6.716948290584233,6.553886119599001,0.0,1.2434997088434292,12.271893627941608,0.0958741689682938,12295680,0,0.001,0,0.8827928379178047,60,1,0,nan,0.007200002615612,0.0006815962915205,0.0012731142576136,0.0123206434302039,0.0012731142576136,0.0191887968764196,1.0,0.0003877465074781,0.0039741067780426,0.0317556405477843,0.0387315376517643,0.0469360542865136,"[0.791335643188938, 0.041108274503298084, -14.410870824050965]",0.0146352196263806
sindy_strong__d4__m0__n0.001__k16,sindy_strong,state_only_dynamics,4,0,0.001,21.14598796776542,21.14598796776542,0.0,6.960364074054967,6.960364074054967,6.85531920942028,0.0,1.2659667186810135,12.163049867376683,0.0950238270888803,12295680,0,0.001,0,0.9143250742927194,60,1,0,nan,0.0037894262335455,0.0003963971023349,0.0008175108593131,0.01094230963276,0.0008175108593131,0.0156988613550636,1.0,0.0012968643693875,0.0019262864240768,0.0211681090040264,0.0243281997249094,0.02151086600463,"[0.7911901929053038, 0.04101956157921509, -14.421833119201887]",0.0140468299763734
sindy_strong__d4__m0__n0.001__k4,sindy_strong,state_only_dynamics,4,0,0.001,21.14598796776542,21.14598796776542,0.0,7.024661236443455,7.024661236443455,7.033438762496489,0.0,1.2579964882059496,12.311648078262806,0.0961847506114281,12295680,0,0.001,0,0.984894304536283,60,1,0,nan,0.0071919314302764,0.0004876505921507,0.0009620762856063,0.0112323700442042,0.0009620762856063,0.016282195960291,1.0,0.0004825138093296,0.005886911444271,0.1504155645783202,0.1546099120488588,0.0290157308210872,"[0.7927503193432563, 0.043442863555760755, -14.420487970226302]",0.01408832932846
sindy_strong__d4__m0__n0.001__k64,sindy_strong,state_only_dynamics,4,0,0.001,21.14598796776542,21.14598796776542,0.0,6.913407877771254,6.913407877771254,6.946662569972182,0.0,1.2594933449728292,12.143873455002904,0.0948740113672101,12295680,0,0.001,0,1.0650119744241238,60,1,0,nan,0.0037490024427764,0.0004434236810269,0.000799230748964,0.0113870536640812,0.000799230748964,0.0181155070423991,1.0,0.0007329696989006,0.0077740252449837,0.1322949627536895,0.1400685321967449,0.1103931062533761,"[0.8004414574043285, 0.051436997545633786, -14.457193436998267]",0.012010537272816
sindy_weighted__d4__m0__n0.001__k1,sindy_weighted,state_only_dynamics,4,0,0.001,21.14598796776542,21.14598796776542,0.0,6.168816765272387,6.168816765272387,6.211348517529367,0.0,1.331759794414265,13.109868997707965,0.1024208515445934,12295680,0,0.001,0,0.9542179461568594,60,1,0,nan,0.0093925778228646,0.0008915802136099,0.0018634781302326,0.0219178008436903,0.0018634781302326,0.0331766555795861,1.0,0.000931147238701,0.0043862481363698,0.0708859708024609,0.0636855176010394,0.0740468549270535,"[0.7854876739559834, 0.05957758333021137, -14.390803785976876]",0.016232132549226
sindy_weighted__d4__m0__n0.001__k16,sindy_weighted,state_only_dynamics,4,0,0.001,21.14598796776542,21.14598796776542,0.0,6.99882819228737,6.99882819228737,7.156752299241557,0.0,1.2456463357677074,12.223532469943166,0.0954963474214309,12295680,0,0.001,0,0.9949405342340468,60,1,0,nan,0.0040558458883951,0.0003750673165288,0.0007652557903111,0.0096349823099613,0.0007652557903111,0.0146987400755625,1.0,0.0001491660459296,0.0113775255637136,0.2963803416721065,0.3063206684356813,0.0215619515668844,"[0.8261070350443157, 0.01619575713586778, -14.432013547070927]",0.0119175157510833
sindy_weighted__d4__m0__n0.001__k4,sindy_weighted,state_only_dynamics,4,0,0.001,21.14598796776542,21.14598796776542,0.0,7.054704638624979,7.054704638624979,7.056274602634464,0.0,1.2549324795272037,12.334023928269744,0.0963595619396073,12295680,0,0.001,0,0.9731975933536888,60,1,0,nan,0.0082659345536779,0.0006354257137211,0.0013340531538129,0.010740307133403,0.0013340531538129,0.0150382845987772,1.0,0.0002915694860738,0.0046901918309887,0.1103086815911755,0.1154570584923744,0.029011579288348,"[0.7141338729988133, 0.04926089394423739, -14.358142293409392]",0.0207673737029785
sindy_weighted__d4__m0__n0.001__k64,sindy_weighted,state_only_dynamics,4,0,0.001,21.14598796776542,21.14598796776542,0.0,6.7077425925286125,6.7077425925286125,6.732005672675211,0.0,1.259495239756458,13.005706617608666,0.1016070829500677,12295680,0,0.001,0,0.9921827288344502,60,1,0,nan,0.0040003560083245,0.0004471326292622,0.0008478740564035,0.0108868551167673,0.0008478740564035,0.0169283567244707,1.0,0.0005146221091347,0.0047087470274657,0.0899261891517465,0.0882497312877134,0.041334450260901,"[0.8229269559940346, 0.03338555517978364, -14.459677000497654]",0.0106342200913874
sindy_strong__d5__m0__n0.001__k1,sindy_strong,state_only_dynamics,5,0,0.001,21.6301077786905,21.6301077786905,0.0,6.566731279676612,6.566731279676612,6.608692135930142,0.0,1.2893112828066282,13.38526675477624,0.1045723965216893,12581888,0,0.001,0,0.9934847950935364,60,1,0,nan,0.0083525114128326,0.000605273925895,0.0015852570357683,0.0164871210102306,0.0015852570357683,0.0245895763880602,1.0,0.0002309499996002,0.005364803249955,0.1032042891352569,0.1034057309388291,0.0977291379922353,"[1.0492401516757082, -0.0909974187836691, -14.643619326221236]",0.0120251499119645
sindy_strong__d5__m0__n0.001__k16,sindy_strong,state_only_dynamics,5,0,0.001,21.6301077786905,21.6301077786905,0.0,6.665639012274219,6.665639012274219,6.7548415128131865,0.0,1.3035147922458803,12.727545654401183,0.0994339504250092,12581888,0,0.001,0,0.9992941599339248,60,1,0,nan,0.0039517422646434,0.0004649556130541,0.0009878370226327,0.0184450140909719,0.0009878370226327,0.0260121866929157,1.0,0.0002432905507534,0.0121809293036833,0.3146246440972367,0.3239712588452923,0.0895794747829336,"[0.9202153588809859, -0.007825945826669334, -14.515301568885812]",0.0046343928108397
sindy_strong__d5__m0__n0.001__k4,sindy_strong,state_only_dynamics,5,0,0.001,21.6301077786905,21.6301077786905,0.0,7.009175682349889,7.009175682349889,7.133916459103581,0.0,1.2577395990888918,12.709649208933117,0.0992941344447899,12581888,0,0.001,0,1.0008238414302468,60,1,0,nan,0.0056919028770824,0.0004686892798164,0.0008747213714341,0.010443807164004,0.0008747213714341,0.0168465281077126,1.0,0.0004910416431482,0.0016238325452868,0.0224782144424564,0.025905373269361,0.0406291664682846,"[1.0063337348141759, -0.09249178298826662, -14.50575013055829]",0.0104573877810913
sindy_strong__d5__m0__n0.001__k64,sindy_strong,state_only_dynamics,5,0,0.001,21.6301077786905,21.6301077786905,0.0,6.529337591450677,6.529337591450677,6.709169832537235,0.0,1.2836215459234237,12.898947354406118,0.1007730262062978,12581888,0,0.001,0,1.117990305647254,60,1,0,nan,0.0036257294453822,0.000467705069247,0.000983240362084,0.0171338662576424,0.000983240362084,0.0274995925494096,1.0,0.0004569512021419,0.0083303143992451,0.1824491253282809,0.1799379893733773,0.0341941423333201,"[0.9490931191675223, -0.055242862046851526, -14.495549646282942]",0.0074982944688306
sindy_weighted__d5__m0__n0.001__k1,sindy_weighted,state_only_dynamics,5,0,0.001,21.6301077786905,21.6301077786905,0.0,6.1025928288722575,6.1025928288722575,5.882512419542518,0.0,1.3344566717143425,12.47384819202125,0.097451939000166,12581888,0,0.001,0,0.9898103009909393,60,1,0,nan,0.0070263558160214,0.0006749593138661,0.0020868968435428,0.0274261556174695,0.0020868968435428,0.0430894377373727,1.0,0.0007258534043541,0.0212656540872888,0.5606822316463962,0.5676906408358361,0.0289964382357019,"[0.9502896210383346, -0.027363462051175416, -14.544222926653768]",0.0041281702798546
sindy_weighted__d5__m0__n0.001__k16,sindy_weighted,state_only_dynamics,5,0,0.001,21.6301077786905,21.6301077786905,0.0,6.7546274268118935,6.7546274268118935,6.827916201254709,0.0,1.280965616663384,12.745397258549929,0.0995734160824213,12581888,0,0.001,0,1.0186324836686254,60,1,0,nan,0.0052808026518671,0.0004513664855588,0.0008489232425304,0.0155883933874388,0.0008489232425304,0.024965494363056,1.0,0.0005438455296444,0.0123982525173855,0.3137814339918403,0.3230798724773502,0.0880559322422297,"[0.9248639249464273, -0.03754348085306555, -14.490604698634591]",0.0068552608808866
sindy_weighted__d5__m0__n0.001__k4,sindy_weighted,state_only_dynamics,5,0,0.001,21.6301077786905,21.6301077786905,0.0,6.620680952002579,6.620680952002579,6.553886119599001,0.0,1.2814779523228512,12.642125476151705,0.0987666052824352,12581888,0,0.001,0,0.978113659657538,60,1,0,nan,0.0060228285689769,0.0006551622156426,0.0014401650858003,0.0187076583520444,0.0014401650858003,0.0285462944339482,1.0,0.0003603674327576,0.0097883465852822,0.2334370783137572,0.2327529031188618,0.1062815933198094,"[0.9228486803809921, -0.03843343685940572, -14.46910384216447]",0.0082280502853554
sindy_weighted__d5__m0__n0.001__k64,sindy_weighted,state_only_dynamics,5,0,0.001,21.6301077786905,21.6301077786905,0.0,6.681338652369076,6.681338652369076,6.795946025061543,0.0,1.280620720440685,12.471046591177585,0.0974300514935748,12581888,0,0.001,0,0.9751257104799153,60,1,0,nan,0.0038246479287654,0.000454259076542,0.0008136464020035,0.0151051452101233,0.0008136464020035,0.0235079467768644,1.0,0.0002630374175458,0.0169449136819833,0.4461216114087175,0.4611217603160629,0.0650101429247048,"[0.929686706559814, 0.008041227555756002, -14.540746488417852]",0.0030621778476143
sindy_strong__d1__m0__n0.01__k1,sindy_strong,state_only_dynamics,1,0,0.01,21.520495746028217,21.520495746028217,0.0,4.863391691384925,4.863391691384925,4.950810141913113,0.0,1.4611535187817737,5.839126972481608,0.0456181794725125,12516864,0,0.001,0,0.5037866532802582,30,1,0,nan,0.0169219816006085,0.0046061281310808,0.0086629215059527,0.0743716093363281,0.0086629215059527,0.1137535494313582,1.0,0.0009221789675668,0.0158610553163359,0.3830723083073513,0.395380943254228,0.0486848691770522,"[0.9600351465126276, -0.0037272904318359037, -14.538518326125562]",0.0043777998073969
sindy_strong__d1__m0__n0.01__k16,sindy_strong,state_only_dynamics,1,0,0.01,21.520495746028217,21.520495746028217,0.0,4.593429243753795,4.593429243753795,4.722451740533357,0.0,1.454097119706289,5.4323374051600695,0.042440135977813,12516864,0,0.001,0,0.4582709688693285,30,1,0,nan,0.0083807562360781,0.0023143757707345,0.0065757692487499,0.091003829561816,0.0065757692487499,0.1459472336420005,1.0,0.0023675859345275,0.0181620790520273,0.4117996614694146,0.4174685370463374,0.0918301464789132,"[0.9039482476839943, -0.017141412958767702, -14.482327033258882]",0.0069732935881542
sindy_strong__d1__m0__n0.01__k4,sindy_strong,state_only_dynamics,1,0,0.01,21.520495746028217,21.520495746028217,0.0,4.822287179136568,4.822287179136568,4.886869789526781,0.0,1.4399623625863915,5.9162470027804375,0.0462206797092221,12516864,0,0.001,0,0.5122633706778288,30,1,0,nan,0.0073602116859851,0.0031250600770588,0.0072815987654356,0.0852307648683661,0.0072815987654356,0.134934304234618,1.0,0.0003304279651192,0.0154856505034873,0.3684261395773797,0.3799872651730144,0.0971201239252515,"[0.912251059610329, 0.044576310029671065, -14.546692712858524]",0.0037921298848744
sindy_strong__d1__m0__n0.01__k64,sindy_strong,state_only_dynamics,1,0,0.01,21.520495746028217,21.520495746028217,0.0,4.630965655980592,4.630965655980592,4.685914396312596,0.0,1.4731491719623355,5.593445742502809,0.0436987948633031,12516864,0,0.001,0,0.5657979547977448,30,1,0,nan,0.0089046507402938,0.002220561014212,0.0063394558433579,0.0986530899891648,0.0063394558433579,0.1493642887468889,1.0,0.0003052900225875,0.0206011213011111,0.5041799086162446,0.5202303559517917,0.0684172090459949,"[0.9183301549490251, 0.036167823032320676, -14.532713450974464]",0.0041217439097719
sindy_weighted__d1__m0__n0.01__k1,sindy_weighted,state_only_dynamics,1,0,0.01,21.520495746028217,21.520495746028217,0.0,4.283147265879051,4.283147265879051,4.206361753415108,0.0,1.496394271498091,5.385041993111372,0.0420706405711825,12516864,0,0.001,0,0.4959328575059771,30,1,0,nan,0.0228980850462673,0.0040895635331103,0.0123570305090973,0.1573442847677478,0.0123570305090973,0.2509962633748415,1.0,0.0009942066457293,0.021994367784698,0.570316921349583,0.5804640411782479,0.0356873835703322,"[0.9484730070725244, 0.012750082812592316, -14.578038334575666]",0.0025255532427119
sindy_weighted__d1__m0__n0.01__k16,sindy_weighted,state_only_dynamics,1,0,0.01,21.520495746028217,21.520495746028217,0.0,4.525492619343318,4.525492619343318,4.67221289222981,0.0,1.4877862569529068,5.473541885614395,0.0427620459813624,12516864,0,0.001,0,0.5105414483696222,30,1,0,nan,0.0124880877256185,0.0023471131381004,0.0064232704812768,0.0947622807611773,0.0064232704812768,0.1484526649969275,1.0,0.0011307200916257,0.0180545189341975,0.4488712534616893,0.4564971866416545,0.0227014645935485,"[0.8539891087088555, 0.019732153448843676, -14.482246542835245]",0.0080396119324542
sindy_weighted__d1__m0__n0.01__k4,sindy_weighted,state_only_dynamics,1,0,0.01,21.520495746028217,21.520495746028217,0.0,5.262233911794755,5.262233911794755,5.042153502465016,0.0,1.4514151798677015,5.323261184617877,0.0415879780048271,12516864,0,0.001,0,0.5049450462684035,30,1,0,nan,0.0123936708044348,0.0029944139049194,0.0066114586676574,0.0699615870059485,0.0066114586676574,0.1135972728633611,1.0,0.0005249880785578,0.0122057567508427,0.2779480337474448,0.276591633832804,0.0783699754994519,"[0.9046704177590362, 0.00934776663118587, -14.535415022851991]",0.0032825398884205
sindy_weighted__d1__m0__n0.01__k64,sindy_weighted,state_only_dynamics,1,0,0.01,21.520495746028217,21.520495746028217,0.0,4.70682346243893,4.70682346243893,4.717884572505762,0.0,1.4650922380592544,5.521683955565095,0.0431381559028523,12516864,0,0.001,0,0.5754063045606017,30,1,0,nan,0.0097152472527564,0.0023599227657133,0.0074336151526005,0.1016167341441274,0.0074336151526005,0.1542371525851837,1.0,0.001486754326891,0.0103340599256045,0.2557019171070836,0.2689292738450564,0.0388508640986386,"[0.8551119483499646, 0.04158735609202253, -14.480836910228007]",0.0084402169087824
sindy_strong__d2__m0__n0.01__k1,sindy_strong,state_only_dynamics,2,0,0.01,20.92676390244085,20.92676390244085,0.0,4.752209694713157,4.752209694713157,4.47582466704322,0.0,1.44292023470401,5.03630099631846,0.0393461015337379,12165632,0,0.001,0,0.5057323025539517,30,1,0,nan,0.0221294989039154,0.0046364295956589,0.0097334268849234,0.116251989846462,0.0097334268849234,0.1724946107017534,1.0,0.0003145721014905,0.0097111434778875,0.2879697241115678,0.2892178066639851,0.0346538006947273,"[0.9680326877655019, -0.03617174857020777, -14.583035150291966]",0.0045551832154065
sindy_strong__d2__m0__n0.01__k16,sindy_strong,state_only_dynamics,2,0,0.01,20.92676390244085,20.92676390244085,0.0,4.723522170539824,4.723522170539824,4.704183068422976,0.0,1.4484084456558346,5.238529026508331,0.0409260080195963,12165632,0,0.001,0,0.5259150927886367,30,1,0,nan,0.0108362999921408,0.0029337303934617,0.0089620380138037,0.1049572003353397,0.0089620380138037,0.1605639597149694,1.0,0.0005155032103063,0.0026031745851117,0.0332068106276535,0.041089496711555,0.0546488865813101,"[0.9809368147103654, -0.02224273701744518, -14.55631856799971]",0.005210789815162
sindy_strong__d2__m0__n0.01__k4,sindy_strong,state_only_dynamics,2,0,0.01,20.92676390244085,20.92676390244085,0.0,4.624328989940493,4.624328989940493,4.498660507181196,0.0,1.4584663542161307,5.630588613450527,0.0439889735425822,12165632,0,0.001,0,0.505216951481998,30,1,0,nan,0.014647741787582,0.0032372765485155,0.0100292477702458,0.1095765332984764,0.0100292477702458,0.164500944101086,1.0,0.0006611866477812,0.0082143528295404,0.1716822458753636,0.1769428591882779,0.0302343211239797,"[0.9903200508880111, -0.014297883033899495, -14.584945807260688]",0.0053813413324493
sindy_strong__d2__m0__n0.01__k64,sindy_strong,state_only_dynamics,2,0,0.01,20.92676390244085,20.92676390244085,0.0,4.534983765400663,4.534983765400663,4.526063515346767,0.0,1.4697180937402232,5.283887632191181,0.0412803721264936,12165632,0,0.001,0,0.5049153054133058,30,1,0,nan,0.0080042158513976,0.0027719454577008,0.0075347588835134,0.1059809661927002,0.0075347588835134,0.1585444429471204,1.0,0.0008162301006613,0.0026022909315807,0.0203501704257511,0.0210375578069397,0.0335354466931282,"[0.9939803913766775, -0.01497801681197373, -14.568423272162324]",0.0057080504212019
sindy_weighted__d2__m0__n0.01__k1,sindy_weighted,state_only_dynamics,2,0,0.01,20.92676390244085,20.92676390244085,0.0,5.0709837506392095,5.0709837506392095,4.873168285443996,0.0,1.446335699950546,5.341285100206733,0.0417287898453651,12165632,0,0.001,0,0.4997744029387831,30,1,0,nan,0.0255325879820263,0.0056125077640076,0.0118910294195301,0.0809931332979492,0.0118910294195301,0.1173393837797273,1.0,0.0005389866735039,0.0033368520171405,0.1485333616269632,0.1646433862481732,0.0300759142433992,"[0.8942722950988358, 0.04163372141290484, -14.575565269351564]",0.0030526989726943
sindy_weighted__d2__m0__n0.01__k16,sindy_weighted,state_only_dynamics,2,0,0.01,20.92676390244085,20.92676390244085,0.0,4.66186540216729,4.66186540216729,4.626541211953859,0.0,1.46141998290694,5.374837290495634,0.0419909163319971,12165632,0,0.001,0,0.5592435440048575,30,1,0,nan,0.0087500417588658,0.0033776408934432,0.0098159575567408,0.1166934629029917,0.0098159575567408,0.1883204845821021,1.0,0.0003517473507008,0.0066856463685101,0.0855435144069962,0.0909680696642793,0.1517416328965787,"[0.9402226028517704, -0.018659185607870735, -14.528540741694634]",0.0043254435737373
sindy_weighted__d2__m0__n0.01__k4,sindy_weighted,state_only_dynamics,2,0,0.01,20.92676390244085,20.92676390244085,0.0,5.253527747742152,5.253527747742152,5.106093854851347,0.0,1.387079860101675,5.171128341928124,0.0403994401713134,12165632,0,0.001,0,0.4563486510887742,30,1,0,nan,0.0219162602772693,0.0034110802299948,0.0073642627051344,0.0676126857086867,0.0073642627051344,0.1036822232237358,1.0,0.000548604771607,0.0081540174520651,0.2183440411028571,0.2130219401452898,0.0395165004310168,"[0.9504167641330337, 0.01792115733738926, -14.63949501872454]",0.0048078592845536
sindy_weighted__d2__m0__n0.01__k64,sindy_weighted,state_only_dynamics,2,0,0.01,20.92676390244085,20.92676390244085,0.0,4.619619097912036,4.619619097912036,4.63567554800905,0.0,1.4361675624119057,5.468961711972952,0.0427262633747886,12165632,0,0.001,0,0.5822191396728158,30,1,0,nan,0.0064905078243753,0.0026764472841037,0.0072323153976475,0.0967552364332981,0.0072323153976475,0.1448725256407359,1.0,0.0011671837373641,0.0067062997301924,0.0975250530101657,0.1097699836861556,0.0736748972687278,"[0.9701124714174828, -0.009163607426027093, -14.562698348051754]",0.0041664539686223
sindy_strong__d3__m0__n0.01__k1,sindy_strong,state_only_dynamics,3,0,0.01,21.56616742630417,21.56616742630417,0.0,4.095465204745064,4.095465204745064,4.046510872449279,0.0,1.5067679936695129,5.652265781536698,0.0441583264182554,12544000,0,0.001,0,0.4544791830703616,30,1,0,nan,0.0297676471231782,0.0034853689865778,0.0109221240311632,0.1745563374107636,0.0109221240311632,0.2788480199616531,1.0,0.0003883672588511,0.0053243430446624,0.1459021656625562,0.151877266027901,0.0524355172582521,"[0.939306839290239, -0.022802647706797918, -14.633796583710984]",0.0043092937204116
sindy_strong__d3__m0__n0.01__k16,sindy_strong,state_only_dynamics,3,0,0.01,21.56616742630417,21.56616742630417,0.0,5.43999665486881,5.43999665486881,5.352720928341483,0.0,1.3779323932965009,5.691095868125558,0.0444616864697309,12544000,0,0.001,0,0.5174305839464068,30,1,0,nan,0.0067919702007302,0.0019927839171671,0.0055723049113671,0.0578971683096947,0.0055723049113671,0.086527418223009,1.0,0.00056534825452,0.0058289776208882,0.0679429647866939,0.0686983823942758,0.1134369218056729,"[0.9271848044962305, 0.02177590078748704, -14.536829998662723]",0.0035053629295812
sindy_strong__d3__m0__n0.01__k4,sindy_strong,state_only_dynamics,3,0,0.01,21.56616742630417,21.56616742630417,0.0,5.3367358402449,5.3367358402449,5.261377567789582,0.0,1.384848083109929,5.594841703772545,0.043709700810723,12544000,0,0.001,0,0.5071331094950438,30,1,0,nan,0.0061041475367455,0.0025617340170993,0.0058079565899419,0.0601195467085408,0.0058079565899419,0.088585304998627,1.0,0.0010762210744894,0.0059214199858198,0.1277502849417283,0.13894294015885,0.1056244556679175,"[0.8965908885270084, -0.012187158810308024, -14.483643854825429]",0.0068953269023829
sindy_strong__d3__m0__n0.01__k64,sindy_strong,state_only_dynamics,3,0,0.01,21.56616742630417,21.56616742630417,0.0,5.111802814885841,5.111802814885841,5.115228190906538,0.0,1.419080670244118,5.542995756492019,0.0433046543475938,12544000,0,0.001,0,0.5682603428140283,30,1,0,nan,0.0076532323476087,0.0020154509826974,0.0058013987415157,0.0656457054529197,0.0058013987415157,0.1027448977440018,1.0,0.0017183217836018,0.0182612023902317,0.4224188323325698,0.4300040895893514,0.1276079070058809,"[0.8635733100108705, 0.07611093454709676, -14.535840471472714]",0.0068872503442213
sindy_weighted__d3__m0__n0.01__k1,sindy_weighted,state_only_dynamics,3,0,0.01,21.56616742630417,21.56616742630417,0.0,3.91713156566756,3.91713156566756,3.818152471069522,0.0,1.514509092578695,5.745610639452934,0.044887583120726,12544000,0,0.001,0,0.5010614888742566,30,1,0,nan,0.0416189168782231,0.0048162729422675,0.0164769157218806,0.2196532359025806,0.0164769157218806,0.3537250955458026,1.0,0.0002903268424345,0.0079405936747177,0.2067854365257349,0.2038069386809611,0.0474818002188058,"[0.7601966637180112, 0.06104012026952156, -14.45906180661908]",0.0140416694473665
sindy_weighted__d3__m0__n0.01__k16,sindy_weighted,state_only_dynamics,3,0,0.01,21.56616742630417,21.56616742630417,0.0,5.600989327841537,5.600989327841537,5.708960034493904,0.0,1.369520777870634,5.80546548217535,0.0453551990794949,12544000,0,0.001,0,0.4745255019515753,30,1,0,nan,0.014242449590155,0.001516874577618,0.0033722339520112,0.0361510105672468,0.0033722339520112,0.0512082850786572,1.0,0.00070426827109,0.0082858492904623,0.1802457879567458,0.1814770697177044,0.1168729910882891,"[0.8567329804282786, 0.0198664162766739, -14.483508397955717]",0.0078735944116792
sindy_weighted__d3__m0__n0.01__k4,sindy_weighted,state_only_dynamics,3,0,0.01,21.56616742630417,21.56616742630417,0.0,5.045864326487437,5.045864326487437,5.19743721540325,0.0,1.408448430638291,5.461748123168945,0.0426699072122573,12544000,0,0.001,0,0.5013909451663494,30,1,0,nan,0.0213718357899535,0.002216772888109,0.0065894876570392,0.0680542326512494,0.0065894876570392,0.1021631906005769,1.0,0.0012818550750663,0.0023887720480705,0.0449833066462574,0.0548533721157814,0.0422888036704783,"[1.0035826273272364, -0.02366471598702855, -14.605333744799939]",0.0066092369053721
sindy_weighted__d3__m0__n0.01__k64,sindy_weighted,state_only_dynamics,3,0,0.01,21.56616742630417,21.56616742630417,0.0,5.320679390147888,5.320679390147888,5.284213407927558,0.0,1.3848776228839483,5.533790823072195,0.0432327408052515,12544000,0,0.001,0,0.5019548460841179,30,1,0,nan,0.010309257796257,0.001964403343476,0.0055994498055847,0.0546060513928585,0.0055994498055847,0.0826988245221259,1.0,0.0010232130422413,0.0082754503385684,0.0907652600481285,0.0879429695891124,0.1400971687111631,"[0.845122273310784, 0.006958737582674577, -14.454682436515839]",0.0098935172760716
sindy_strong__d4__m0__n0.01__k1,sindy_strong,state_only_dynamics,4,0,0.01,21.14598796776542,21.14598796776542,0.0,4.917055915709168,4.917055915709168,4.85033244530602,0.0,1.4494101040549296,5.316821161657572,0.0415376653254497,12295680,0,0.001,0,0.5038105631247163,30,1,0,nan,0.0336614475120788,0.0027294518118001,0.0073755283570175,0.0839875272202736,0.0073755283570175,0.1315259140628741,1.0,0.0008826599927744,0.003969866617974,0.0246417248861214,0.0331158083637336,0.032889930175156,"[0.75168406850999, 0.09566424247107803, -14.423931271833064]",0.0167563571340478
sindy_strong__d4__m0__n0.01__k16,sindy_strong,state_only_dynamics,4,0,0.01,21.14598796776542,21.14598796776542,0.0,5.019817196330058,5.019817196330058,5.106093854851348,0.0,1.447019453566703,5.663204535841942,0.0442437854362651,12295680,0,0.001,0,0.4649409307166934,30,1,0,nan,0.0102593155038871,0.0020765302028412,0.006180152013145,0.0726568127793807,0.006180152013145,0.1048394938813837,1.0,0.0009388573519015,0.0117031584083508,0.2858087774999017,0.2836531399516047,0.0191672497085174,"[0.9623970989004698, -0.029939188067847525, -14.50670914605032]",0.0065196252468733
sindy_strong__d4__m0__n0.01__k4,sindy_strong,state_only_dynamics,4,0,0.01,21.14598796776542,21.14598796776542,0.0,4.8431248832624725,4.8431248832624725,4.722451740533357,0.0,1.4395123306873068,5.1423611007630825,0.0401746960997115,12295680,0,0.001,0,0.5086402585729957,30,1,0,nan,0.009078069523116,0.0026388180363435,0.0076799956408193,0.0866424813721623,0.0076799956408193,0.1221698018668294,1.0,0.0008088236619478,0.0031162582999948,0.0739601338296896,0.0835937156593506,0.0441243667051437,"[0.912071182881849, 0.00581589682139616, -14.512663978940836]",0.0047522022230213
sindy_strong__d4__m0__n0.01__k64,sindy_strong,state_only_dynamics,4,0,0.01,21.14598796776542,21.14598796776542,0.0,5.018461318321865,5.018461318321865,5.101526686823751,0.0,1.409923863969759,5.601192086935043,0.04375931317918,12295680,0,0.001,0,0.5024967771023512,30,1,0,nan,0.0072191790669437,0.0019830829296983,0.0061493448862667,0.0694230739436743,0.0061493448862667,0.1014555827760868,1.0,0.0001111098636892,0.0034493277337214,0.0515810064399247,0.0691883214478762,0.030398143334171,"[0.7529054262854651, 0.09123315550221152, -14.433477046366827]",0.0161685589713236
sindy_weighted__d4__m0__n0.01__k1,sindy_weighted,state_only_dynamics,4,0,0.01,21.14598796776542,21.14598796776542,0.0,4.118586492884765,4.118586492884765,4.041943704421684,0.0,1.510012549369425,5.679543828591704,0.0443714361608726,12295680,0,0.001,0,0.4980366881936788,30,1,0,nan,0.0625643451933036,0.0056894950056701,0.017872763891512,0.1838247852119643,0.017872763891512,0.2623958196921018,1.0,0.0002244771493296,0.014464754245218,0.2895116984380668,0.2873596119543112,0.1315980446114962,"[0.804824836018703, 0.04317424535288907, -14.340923332860593]",0.0183150105487416
sindy_weighted__d4__m0__n0.01__k16,sindy_weighted,state_only_dynamics,4,0,0.01,21.14598796776542,21.14598796776542,0.0,4.870099719425456,4.870099719425456,4.9097056296647565,0.0,1.431733910912865,5.341408057138324,0.0417297504463931,12295680,0,0.001,0,0.5638803746551275,30,1,0,nan,0.0119049062508605,0.0023836246913297,0.0071458934542169,0.0881382214419116,0.0071458934542169,0.13318501172615,1.0,0.0008397489221776,0.0019730026755851,0.0449668348044699,0.060216277471491,0.0320730053008335,"[0.8568697840693089, 0.026085033688153573, -14.44054360466635]",0.0105561895641337
sindy_weighted__d4__m0__n0.01__k4,sindy_weighted,state_only_dynamics,4,0,0.01,21.14598796776542,21.14598796776542,0.0,4.940105841848437,4.940105841848437,5.042153502465015,0.0,1.410376681066942,5.466730134561658,0.0427088291762629,12295680,0,0.001,0,0.4981701914221048,30,1,0,nan,0.0137973757112075,0.0024451884924798,0.0066712163134664,0.0726927217266216,0.0066712163134664,0.1073156709845393,1.0,0.0005168849772965,0.0013654455838258,0.0445940696911961,0.0581347872603616,0.0265721003210554,"[0.7317796370246926, 0.049273382242669896, -14.350309872581672]",0.0204086095961543
sindy_weighted__d4__m0__n0.01__k64,sindy_weighted,state_only_dynamics,4,0,0.01,21.14598796776542,21.14598796776542,0.0,5.101740772825046,5.101740772825046,5.165467039210084,0.0,1.4169926193814697,5.373872188851237,0.0419833764754002,12295680,0,0.001,0,0.5648087542504072,30,1,0,nan,0.0075456338058378,0.0017694618705165,0.0055723592056761,0.065142677794637,0.0055723592056761,0.0963740009513952,1.0,0.0013171677988157,0.0061209633305046,0.1545049518123187,0.1527899710377533,0.0291637712379637,"[0.958916799746395, -0.030842117684464113, -14.514104667326098]",0.0060232891215525
sindy_strong__d5__m0__n0.01__k1,sindy_strong,state_only_dynamics,5,0,0.01,21.6301077786905,21.6301077786905,0.0,4.57915684366756,4.57915684366756,4.526063515346767,0.0,1.472199607968941,5.401189085096121,0.0421967897273134,12581888,0,0.001,0,0.453814709559083,30,1,0,nan,0.0238409067745685,0.0026979048335612,0.0081997241929187,0.1159255278455248,0.0081997241929187,0.1848500254958618,1.0,0.0001264572508368,0.0060637462279512,0.0326205142403513,0.0320579364025887,0.0602556496109735,"[0.8649414930992445, 0.006183735175072948, -14.480710766323075]",0.0076899952165475
sindy_strong__d5__m0__n0.01__k16,sindy_strong,state_only_dynamics,5,0,0.01,21.6301077786905,21.6301077786905,0.0,4.687841170324237,4.687841170324237,4.6585113881470255,0.0,1.462757986025951,5.748710811138153,0.0449118032120168,12581888,0,0.001,0,0.5234659621492028,30,1,0,nan,0.0108396748659379,0.0026969083930318,0.0066714071850843,0.0955240420844765,0.0066714071850843,0.151265693929507,1.0,0.000496874302668,0.0156466886229486,0.39076790393306,0.3988475711013439,0.0394913917048573,"[0.9203311130119867, -0.036881925424541676, -14.452931586743498]",0.0092336624368988
sindy_strong__d5__m0__n0.01__k4,sindy_strong,state_only_dynamics,5,0,0.01,21.6301077786905,21.6301077786905,0.0,4.931685125797559,4.931685125797559,4.722451740533357,0.0,1.4526067657333872,5.297425735741854,0.0413861385604832,12581888,0,0.001,0,0.5071680685505271,30,1,0,nan,0.023975407159841,0.0029992829420573,0.0083668105045442,0.1011615464719052,0.0083668105045442,0.1599431322238901,1.0,6.183479908594691e-05,0.0127728649469271,0.315002765587121,0.3186752506201265,0.0768675120482839,"[0.9400133435238448, -0.04997744586200982, -14.461862442595447]",0.0091368287112624
sindy_strong__d5__m0__n0.01__k64,sindy_strong,state_only_dynamics,5,0,0.01,21.6301077786905,21.6301077786905,0.0,4.607273471837443,4.607273471837443,4.48495900309841,0.0,1.479923544771966,5.548137096688151,0.0433448210678761,12581888,0,0.001,0,0.5674255257472396,30,1,0,nan,0.0110698316972103,0.0026450931100889,0.0077529982284508,0.1212851154570614,0.0077529982284508,0.1772577024060485,1.0,0.000313274816317,0.0215988796671049,0.5123834010828351,0.5141774509566723,0.0282551681157511,"[0.9770318718512837, -0.06995200807397647, -14.476744016949747]",0.0097459231258388
sindy_weighted__d5__m0__n0.01__k1,sindy_weighted,state_only_dynamics,5,0,0.01,21.6301077786905,21.6301077786905,0.0,4.257956479726847,4.257956479726847,4.361645466353343,0.0,1.5239055800293335,5.374185716733336,0.0419858259119791,12581888,0,0.001,0,0.4459156729280948,30,1,0,nan,0.0209517227152188,0.0051319577568367,0.0123286341196358,0.1519011448184206,0.0123286341196358,0.2408133806418586,1.0,0.0003746136962452,0.0066407817247777,0.1263355808582426,0.1348747138238475,0.0374423513705752,"[0.9767933814193699, -0.06243713583218955, -14.609366368038955]",0.0064571265201314
sindy_weighted__d5__m0__n0.01__k16,sindy_weighted,state_only_dynamics,5,0,0.01,21.6301077786905,21.6301077786905,0.0,4.332601132177855,4.332601132177855,4.302272281994606,0.0,1.5091220041913556,5.631292747333646,0.0439944745885441,12581888,0,0.001,0,0.525371870957315,30,1,0,nan,0.0166719300770471,0.0030996135042972,0.0099189616750454,0.1444537198019007,0.0099189616750454,0.2159825916447511,1.0,0.0004269769913014,0.0128979960591975,0.3121272637892773,0.3154660311018991,0.0690927391733348,"[0.9109188909459491, -0.06776062537526013, -14.40075614834277]",0.0132882174206012
sindy_weighted__d5__m0__n0.01__k4,sindy_weighted,state_only_dynamics,5,0,0.01,21.6301077786905,21.6301077786905,0.0,4.814151911087415,4.814151911087415,4.594571035760693,0.0,1.4927769859223083,5.668505188077688,0.0442851967818569,12581888,0,0.001,0,0.5078857941552997,30,1,0,nan,0.0222680871290584,0.0030221966816272,0.0082188411883366,0.0856813465118932,0.0082188411883366,0.1305525278877949,1.0,0.0007931326552355,0.0103082357460336,0.2425934989190721,0.2590305279916157,0.0858816701653395,"[0.9162449263421595, -0.0336990178902076, -14.455234098403423]",0.0090115290732921
sindy_weighted__d5__m0__n0.01__k64,sindy_weighted,state_only_dynamics,5,0,0.01,21.6301077786905,21.6301077786905,0.0,4.361431380352049,4.361431380352049,4.398182810574103,0.0,1.499615704846906,5.493636654689908,0.0429190363647649,12581888,0,0.001,0,0.5121709387749434,30,1,0,nan,0.0133812034977773,0.0030428874854188,0.0091349531589645,0.1402448860110773,0.0091349531589645,0.2202326621531948,1.0,0.0006503132571433,0.0114640600265347,0.2672797051554232,0.2722199942010996,0.0700763880035534,"[0.8858782641074429, 0.00018848335829947064, -14.452612428654314]",0.009053132509671
sindy_strong__d1__m0__n0.05__k1,sindy_strong,state_only_dynamics,1,0,0.05,21.520495746028217,21.520495746028217,0.0,1.6606651120338454,1.6606651120338454,1.30164288786461,0.0,inf,12.01560360006988,0.0938719031255459,12516864,0,0.001,0,0.8937576953321695,60,1,0,nan,0.6085771248752415,0.0804892280837403,0.3566852359440968,0.858224408720395,0.3566852359440968,1.2305181605406377,0.53125,0.0118054602793129,0.1035419444042262,2.150808102591082,2.085545547936759,1.1246444160995386,"[0.9366130285151253, 0.03513249711829432, -4.402715892442263]",0.6967112153946871
sindy_strong__d1__m0__n0.05__k16,sindy_strong,state_only_dynamics,1,0,0.05,21.520495746028217,21.520495746028217,0.0,2.889732845459952,2.889732845459952,2.8818830254125225,0.0,1.610363363614938,12.9102876316756,0.1008616221224656,12516864,0,0.001,0,0.9970741774886848,60,1,0,nan,0.5967965608637334,0.0302228367082908,0.0660410013715892,0.4694146440166646,0.0660410013715892,0.7334208860542909,1.0,0.0015508002438533,0.0333763913580388,0.2623973424385973,0.2516550468176227,0.4349774935121901,"[0.9466442103728371, 0.012761314026730773, -5.788583273913124]",0.6018565757751667
sindy_strong__d1__m0__n0.05__k4,sindy_strong,state_only_dynamics,1,0,0.05,21.520495746028217,21.520495746028217,0.0,2.7109710343798614,2.7109710343798614,2.708330640363908,0.0,1.666786912957693,12.996235037222505,0.1015330862283008,12516864,0,0.001,0,0.985182972624898,60,1,0,nan,0.5467126690594926,0.034591622216098,0.081876332190254,0.5026725304600026,0.081876332190254,0.7712184756554084,1.0,0.0012808837546312,0.0273043506830676,0.4167846566999778,0.3763225755138218,0.2930482261269559,"[0.7973874762004218, 0.018218852764032564, -5.488887690803336]",0.6224157769883227
sindy_strong__d1__m0__n0.05__k64,sindy_strong,state_only_dynamics,1,0,0.05,21.520495746028217,21.520495746028217,0.0,2.8087369749705697,2.8087369749705697,2.7768381607778347,0.0,1.6414588703172552,12.752421271055937,0.0996282911801245,12516864,0,0.001,0,0.9702696856111288,60,1,0,nan,0.6029147473448344,0.0266754364594851,0.0640425195031137,0.4957002052546753,0.0640425195031137,0.7858543455255529,1.0,0.0006459382442407,0.0424139015574467,0.5153406541657979,0.543814374774664,0.5130779072130808,"[0.9881470727267279, -0.013964643686720568, -5.965358546077403]",0.5897758364512067
sindy_weighted__d1__m0__n0.05__k1,sindy_weighted,state_only_dynamics,1,0,0.05,21.520495746028217,21.520495746028217,0.0,1.792328002829361,1.792328002829361,1.7309566824585516,0.0,inf,11.5858289077878,0.0905142883420921,12516864,0,0.001,0,0.9891265798360108,60,1,0,nan,0.8206667797638618,0.0622294615523686,0.1990382761652201,0.7905511152193858,0.1990382761652201,1.189590955734845,0.8203125,0.0500369844677377,0.1976696581743016,3.6609010032257623,3.647815409248459,2.159272845563859,"[1.1469234598885298, 0.0024205843947526454, -4.770397681945384]",0.6717303198121947
sindy_weighted__d1__m0__n0.05__k16,sindy_weighted,state_only_dynamics,1,0,0.05,21.520495746028217,21.520495746028217,0.0,2.663658028093993,2.663658028093993,2.6352559519223857,0.0,inf,12.56935071758926,0.098198052481166,12516864,0,0.001,0,0.8893437283113599,60,1,0,nan,0.6392044973144858,0.0289840363623462,0.0754526766030002,0.5439864777660505,0.0754526766030002,0.8486979686048068,0.9921875,0.0004334339266187,0.0390787309479466,0.3022686773062737,0.2808010184228918,0.4394086490440048,"[1.0969949711129094, -0.05866663900047457, -5.807447971073611]",0.6007063419753765
sindy_weighted__d1__m0__n0.05__k4,sindy_weighted,state_only_dynamics,1,0,0.05,21.520495746028217,21.520495746028217,0.0,1.9867180920038785,1.9867180920038785,1.8908075634243808,0.0,inf,11.762992734089494,0.0918983807350741,12516864,0,0.001,0,0.9753307262435555,60,1,0,nan,0.6640549829501667,0.0436299816588508,0.1421136309730993,0.6853243482763547,0.1421136309730993,1.1067559920535994,0.71875,0.0167433883584184,0.1145598609007471,2.3528069690877063,2.3134072284859704,1.0704399062587586,"[0.8324965251453725, -0.0034751210025962117, -5.417590619698085]",0.6272684938368657
sindy_weighted__d1__m0__n0.05__k64,sindy_weighted,state_only_dynamics,1,0,0.05,21.520495746028217,21.520495746028217,0.0,2.7409430745609544,2.7409430745609544,2.644390287977576,0.0,1.6347755898772116,12.628845294937491,0.0986628538666991,12516864,0,0.001,0,1.092108835466206,60,1,0,nan,0.6010846257678406,0.0278272704092773,0.0667439865454956,0.5068988282769588,0.0667439865454956,0.7947710105668853,1.0,0.0016264466490749,0.0314022975946626,0.3324754565437984,0.314443538257815,0.3760536903981217,"[0.8276928744113687, 0.015050296348144906, -5.847204684590361]",0.5978690386260065
sindy_strong__d2__m0__n0.05__k1,sindy_strong,state_only_dynamics,2,0,0.05,20.92676390244085,20.92676390244085,0.0,2.7123982743884847,2.7123982743884847,2.744867984584669,0.0,1.6551430881335296,12.270783212035894,0.0958654938440304,12165632,0,0.001,0,0.9981402177363634,60,1,0,nan,0.7186121010022659,0.04326289480234,0.0896671767366842,0.5553241779108717,0.0896671767366842,0.8325660628582585,1.0,0.0004970119817375,0.0221090944905319,0.3139579011408585,0.2865057033875591,0.1798708602406242,"[1.0198893758597343, -0.028614687870346774, -5.731583693441408]",0.6058004953620185
sindy_strong__d2__m0__n0.05__k16,sindy_strong,state_only_dynamics,2,0,0.05,20.92676390244085,20.92676390244085,0.0,3.123657482873339,3.123657482873339,3.2244206274821563,0.0,1.6052068899487388,12.26376200467348,0.0958106406615115,12165632,0,0.001,0,0.8976991642266512,60,1,0,nan,0.6322370911289166,0.0325190673736636,0.0565106961783992,0.3880905502920382,0.0565106961783992,0.6114078939011495,1.0,0.000582612318895,0.0171455994693711,0.4033937619967199,0.3836883278511267,0.1592593217038891,"[1.0770996322197164, -0.08027511756872142, -5.710248383323977]",0.6073426924814668
sindy_strong__d2__m0__n0.05__k4,sindy_strong,state_only_dynamics,2,0,0.05,20.92676390244085,20.92676390244085,0.0,2.66529935410391,2.66529935410391,2.680927632198337,0.0,1.668361256819831,12.214189641177654,0.0954233565717004,12165632,0,0.001,0,0.9857215117663144,60,1,0,nan,0.6704697963734295,0.0431383964577558,0.0892867123519746,0.5529546353069201,0.0892867123519746,0.8342252944583723,1.0,0.0008741374960725,0.0151902195763653,0.0980059332474496,0.1119049450460913,0.1582921609087103,"[0.9575734425718564, -0.0251500294305969, -5.722651323066916]",0.6063747935005148
sindy_strong__d2__m0__n0.05__k64,sindy_strong,state_only_dynamics,2,0,0.05,20.92676390244085,20.92676390244085,0.0,3.3303218361220184,3.3303218361220184,3.457346196889508,0.0,1.5573692254742073,12.569234820082784,0.0981971470318967,12165632,0,0.001,0,1.0799755146726966,60,1,0,nan,0.6046238801506695,0.0305282592757203,0.0536021942790484,0.390880262545988,0.0536021942790484,0.5906581258185342,1.0,0.0002216548511133,0.0120326712571352,0.1100761502096797,0.1198091643693686,0.1602108297847276,"[0.9483407809793427, 0.011725760980702883, -5.914235029602565]",0.5932569472025383
sindy_weighted__d2__m0__n0.05__k1,sindy_weighted,state_only_dynamics,2,0,0.05,20.92676390244085,20.92676390244085,0.0,2.272308817729436,2.272308817729436,2.046091276362615,0.0,1.6910965965824551,12.786052707582712,0.0998910367779899,12165632,0,0.001,0,0.9700361508876084,60,1,0,nan,0.6604008194832864,0.0522263328284802,0.134149718318168,0.5930144101568822,0.134149718318168,0.8949198496142938,1.0,0.0024532383309463,0.0286566208646683,0.8410274492522151,0.7973693672643302,0.1284019665430651,"[0.9163427511676906, 0.001582579951525293, -5.062491094118234]",0.6515482755259426
sindy_weighted__d2__m0__n0.05__k16,sindy_weighted,state_only_dynamics,2,0,0.05,20.92676390244085,20.92676390244085,0.0,3.0926863746862097,3.0926863746862097,3.2152862914269664,0.0,1.6214427735317882,12.456710170954466,0.0973180482105817,12165632,0,0.001,0,0.9895839486271144,60,1,0,nan,0.640044328436626,0.0307101701974216,0.0596370153715893,0.4326907854636737,0.0596370153715893,0.6547822278960755,1.0,0.0005463847634783,0.0186513339123767,0.2213523911981205,0.2081018702280132,0.2602471439638477,"[0.9201317298692294, -0.003927152450528725, -5.922998533086573]",0.592652256539016
sindy_weighted__d2__m0__n0.05__k4,sindy_weighted,state_only_dynamics,2,0,0.05,20.92676390244085,20.92676390244085,0.0,2.652168746024574,2.652168746024574,2.667226128115552,0.0,1.722721123470835,12.721117790788412,0.0993837327405344,12165632,0,0.001,0,0.9236053694039584,60,1,0,nan,0.6839513096515674,0.0433489769201141,0.093211598703907,0.5533308191470281,0.093211598703907,0.8383998543497951,1.0,0.0011616316727258,0.0236298137062857,0.2755994468968711,0.3047454540473241,0.1836286652584756,"[1.0222854256610763, -0.047394648256121115, -5.718884529713836]",0.6066773791320512
sindy_weighted__d2__m0__n0.05__k64,sindy_weighted,state_only_dynamics,2,0,0.05,20.92676390244085,20.92676390244085,0.0,3.533917623352157,3.533917623352157,3.608062741800147,0.0,1.5530341584968153,12.670087518170476,0.0989850587357068,12165632,0,0.001,0,0.9616837650537492,60,1,0,nan,0.614026995586242,0.0308280027294736,0.0529483879251814,0.3396715261453327,0.0529483879251814,0.5395953128313344,1.0,0.0008428503205026,0.0051870474266856,0.1065581098985889,0.1119623161147116,0.0606963702240716,"[1.0334668597336019, -0.052721416178851434, -5.844677529957942]",0.598080625954891
sindy_strong__d3__m0__n0.05__k1,sindy_strong,state_only_dynamics,3,0,0.05,21.56616742630417,21.56616742630417,0.0,2.861473493289207,2.861473493289207,2.676360464170742,0.0,1.6346534503979666,13.103110123425722,0.1023680478392634,12544000,0,0.001,0,0.9758873665705324,60,1,0,nan,0.7238520658815625,0.0344021919674498,0.0734376999914577,0.5206335581886368,0.0734376999914577,0.7630258385102204,1.0,0.0009568465650631,0.0182641046986743,0.4107799784623198,0.3915923163221015,0.1249722403572344,"[0.9202527365360045, 0.037078090605393264, -5.838381654702307]",0.5984484708004013
sindy_strong__d3__m0__n0.05__k16,sindy_strong,state_only_dynamics,3,0,0.05,21.56616742630417,21.56616742630417,0.0,3.245971951612371,3.245971951612371,3.197017619316586,0.0,1.6266627284872546,12.522482885047792,0.0978318975394358,12544000,0,0.001,0,1.0191732561215758,60,1,0,nan,0.6060341356186019,0.0324667922010797,0.0565841149044583,0.3672493755364107,0.0565841149044583,0.5522876272789184,1.0,0.0009286859064914,0.0103947990481177,0.2944986033004426,0.3139653551745112,0.0645114911003764,"[0.7772760998989625, 0.060622400050146415, -5.938839100743635]",0.591654823579103
sindy_strong__d3__m0__n0.05__k4,sindy_strong,state_only_dynamics,3,0,0.05,21.56616742630417,21.56616742630417,0.0,2.5419144553584108,2.5419144553584108,2.466270734901366,0.0,1.674432563110981,12.627925975248218,0.0986556716816267,12544000,0,0.001,0,0.8943525869399309,60,1,0,nan,0.591042114334818,0.0441212969375955,0.1057337128027434,0.5597828748568088,0.1057337128027434,0.842664914447657,1.0,0.000907461018212,0.0182334088004978,0.2361429411352776,0.2466593462028346,0.2287312446607331,"[0.8977812585166223, 0.008828598596192443, -6.055532608564779]",0.5835820037697175
sindy_strong__d3__m0__n0.05__k64,sindy_strong,state_only_dynamics,3,0,0.05,21.56616742630417,21.56616742630417,0.0,3.198730307326934,3.198730307326934,3.2198534594545616,0.0,1.6078252484779434,12.488890876993535,0.097569459976512,12544000,0,0.001,0,0.9676148118451238,60,1,0,nan,0.5908835007675977,0.0287925566575961,0.0581723362996358,0.4252907808672981,0.0581723362996358,0.6537710387035938,1.0,0.0002496131129383,0.0156620663169159,0.1531772852382335,0.131577453234348,0.1789678973218492,"[0.8333609503060572, 0.022032499372917406, -5.926906410395424]",0.5924114349535172
sindy_weighted__d3__m0__n0.05__k1,sindy_weighted,state_only_dynamics,3,0,0.05,21.56616742630417,21.56616742630417,0.0,1.594013003631129,1.594013003631129,1.5528371293823415,0.0,1.9207225774413852,12.981682715937495,0.1014193962182616,12544000,0,0.001,0,0.99116175994277,60,1,0,nan,0.7792568371890294,0.0812829744572653,0.2856722815299463,0.8771404893616535,0.2856722815299463,1.2822426875408368,1.0,0.0027629093247245,0.0898157442706251,0.7215610875966095,0.7055087470677641,1.147849919107085,"[0.7096761354341583, -0.026215059040962642, -5.654191852934553]",0.6112122105023613
sindy_weighted__d3__m0__n0.05__k16,sindy_weighted,state_only_dynamics,3,0,0.05,21.56616742630417,21.56616742630417,0.0,3.1826024952294887,3.1826024952294887,3.0645697465163275,0.0,1.5937557162792575,12.317882239818571,0.0962334549985826,12544000,0,0.001,0,1.0142605286091566,60,1,0,nan,0.6321289846973498,0.0332465090767038,0.0652971976842998,0.3939105193676666,0.0652971976842998,0.5841874411987074,1.0,0.0006953768819737,0.0051484222826549,0.1051220616934565,0.0953496816970225,0.1309125810957767,"[1.052306455258593, -0.045700533951291464, -6.0160506787008865]",0.5863691979139448
sindy_weighted__d3__m0__n0.05__k4,sindy_weighted,state_only_dynamics,3,0,0.05,21.56616742630417,21.56616742630417,0.0,1.98864486601552,1.98864486601552,1.9684494198934976,0.0,1.8370948524379052,12.53181649558246,0.0979048163717379,12544000,0,0.001,0,0.984968607313931,60,1,0,nan,0.6838918855843236,0.055075244067343,0.1656743570499422,0.7143157883761195,0.1656743570499422,1.0604006773441064,1.0,0.0011535115294012,0.0554484285662422,0.509534068860594,0.5401972341956325,0.6290291969902986,"[1.0172142024835316, -0.07930867331328308, -5.949964125401083]",0.5908751439708583
sindy_weighted__d3__m0__n0.05__k64,sindy_weighted,state_only_dynamics,3,0,0.05,21.56616742630417,21.56616742630417,0.0,3.385912834457903,3.385912834457903,3.3248983240892493,0.0,1.6115929288259816,12.438103929162024,0.0971726869465783,12544000,0,0.001,0,1.0820762142539024,60,1,0,nan,0.5997332316462803,0.0298111719746548,0.05355105832596,0.3934020832215262,0.05355105832596,0.6146860871983238,1.0,0.0003959568375608,0.0222639770737559,0.4693422874520797,0.4550858151520072,0.1760695826170513,"[0.8257789438458836, 0.06332979800301305, -5.932505381146387]",0.5920466050959593
sindy_strong__d4__m0__n0.05__k1,sindy_strong,state_only_dynamics,4,0,0.05,21.14598796776542,21.14598796776542,0.0,2.327543006063165,2.327543006063165,2.2790168457699664,0.0,inf,12.324755536392331,0.096287152628065,12295680,0,0.001,0,0.8954488392919302,60,1,0,nan,1.0170954206203222,0.0454926532326373,0.130889884110972,0.6793250478373635,0.130889884110972,1.0348001603071202,0.9765625,0.0022803460291938,0.0998164921752508,0.7847909731687701,0.74287727535558,1.1935289757735144,"[0.7459667716967088, 0.04214251301639057, -6.254916102498499]",0.5700561953325078
sindy_strong__d4__m0__n0.05__k16,sindy_strong,state_only_dynamics,4,0,0.05,21.14598796776542,21.14598796776542,0.0,3.0654260905215014,3.0654260905215014,3.096539922709493,0.0,1.5825804921683917,12.026982789859176,0.0939608030457748,12295680,0,0.001,0,0.9100066181272268,60,1,0,nan,0.6032475766911443,0.0264497999240947,0.0516998848257379,0.4282666507603716,0.0516998848257379,0.6599307165734307,1.0,0.0008018693487474,0.018018493507692,0.1472986337578524,0.1164749549872676,0.2157042369029508,"[0.8844901366589969, -0.014754922445066796, -5.8368417625716225]",0.5985531929151151
sindy_strong__d4__m0__n0.05__k4,sindy_strong,state_only_dynamics,4,0,0.05,21.14598796776542,21.14598796776542,0.0,2.938615815755305,2.938615815755305,2.868181521329737,0.0,1.6419876360888692,12.35933031141758,0.0965572680579498,12295680,0,0.001,0,0.9938518218696116,60,1,0,nan,0.6032405233823842,0.0275587042350843,0.0653288928153682,0.4670622863190331,0.0653288928153682,0.7191935302728469,1.0,0.0006331211559138,0.0377712283631085,0.3093740220244063,0.2917252607602407,0.4403370832682663,"[0.9468407260754187, 0.019183144445612883, -5.892425119477841]",0.5947500790667435
sindy_strong__d4__m0__n0.05__k64,sindy_strong,state_only_dynamics,4,0,0.05,21.14598796776542,21.14598796776542,0.0,3.1269401348931734,3.1269401348931734,3.082838418626708,0.0,1.645540543505882,12.044739002361894,0.0940995234559523,12295680,0,0.001,0,0.9998335102573036,60,1,0,nan,0.5840684135771268,0.0271108739705924,0.0526006379386433,0.4275042730025274,0.0526006379386433,0.6592559433789366,1.0,0.0018765988367297,0.0255820317904167,0.1943144749572789,0.1806581439371231,0.3196318159802397,"[0.8022757629084215, 0.03404094961588085, -5.945249887510289]",0.5911820394165993
sindy_weighted__d4__m0__n0.05__k1,sindy_weighted,state_only_dynamics,4,0,0.05,21.14598796776542,21.14598796776542,0.0,1.1800420391298898,1.1800420391298898,1.1052546626780195,0.0,inf,11.674188822507858,0.0912046001758426,12295680,0,0.001,0,0.8901109546422958,60,1,0,nan,1.6988174671886545,0.1538435218067969,0.5642920754267239,0.960526536652177,0.5642920754267239,1.2509152995562909,0.9609375,0.1552516065470153,0.4930456839695056,6.373740237501225,6.555786523005874,7.521120172260288,"[-0.7009164160936525, -0.7061573337161364, -8.430875029361454]",0.4379508383138863
sindy_weighted__d4__m0__n0.05__k16,sindy_weighted,state_only_dynamics,4,0,0.05,21.14598796776542,21.14598796776542,0.0,3.004625666154141,3.004625666154141,2.9960622261024006,0.0,1.6311777132448384,12.227592304348946,0.0955280648777261,12295680,0,0.001,0,1.0409154165536163,60,1,0,nan,0.6145474854502061,0.0278248934713312,0.0604981687109681,0.4821296055753615,0.0604981687109681,0.7273154994266067,1.0,0.0017683379986603,0.0313834309305427,0.2388573298873112,0.2320103210931421,0.3537801639213755,"[0.8912936791519456, 0.04800318737744876, -5.8968096091932996]",0.5944547299209044
sindy_weighted__d4__m0__n0.05__k4,sindy_weighted,state_only_dynamics,4,0,0.05,21.14598796776542,21.14598796776542,0.0,2.275805555750564,2.275805555750564,2.201374989300849,0.0,inf,12.222358928993344,0.0954871791327605,12295680,0,0.001,0,0.988399445079267,60,1,0,nan,0.6395024747446537,0.035339571888104,0.1150459299113381,0.650084228568669,0.1150459299113381,0.9681135099027732,0.9921875,0.0023716629922994,0.0655945650969946,0.48137698457962,0.3909157011836267,0.747417649109055,"[0.8048746232833635, 0.026552364628018462, -5.743626762018714]",0.604976799348636
sindy_weighted__d4__m0__n0.05__k64,sindy_weighted,state_only_dynamics,4,0,0.05,21.14598796776542,21.14598796776542,0.0,3.0971821807133733,3.0971821807133733,3.1148085948198734,0.0,1.6348462498841774,12.3714920245111,0.0966522814414929,12295680,0,0.001,0,1.111544819548726,60,1,0,nan,0.5969105958458858,0.0275222575886465,0.0507400750420607,0.4717371134991305,0.0507400750420607,0.7340224626808715,1.0,0.0016677595088989,0.0532334749457575,0.9090303055959336,0.9304961792116592,0.57852529408155,"[0.7415509750736762, 0.09838215509442436, -6.02263211895813]",0.5859879983929581
sindy_strong__d5__m0__n0.05__k1,sindy_strong,state_only_dynamics,5,0,0.05,21.6301077786905,21.6301077786905,0.0,2.743226658574752,2.743226658574752,2.5895842716464346,0.0,inf,13.11101252026856,0.1024297853145981,12581888,0,0.001,0,0.9940359545871617,60,1,0,nan,0.90568812313484,0.0369408458447035,0.0890967560709668,0.5173627100361264,0.0890967560709668,0.7702424648206609,0.9921875,0.0004496466935255,0.0180749262788832,0.1978560255990222,0.1795802227873328,0.1651313789626413,"[1.0009455218963543, -0.07289998007730948, -5.057426512096368]",0.6519424854060341
sindy_strong__d5__m0__n0.05__k16,sindy_strong,state_only_dynamics,5,0,0.05,21.6301077786905,21.6301077786905,0.0,2.6236239458521045,2.6236239458521045,2.575882767563649,0.0,1.6836643271481526,12.729758247733116,0.0994512363104149,12581888,0,0.001,0,0.8931679325178266,60,1,0,nan,0.6081406627416547,0.0288045951106532,0.0662097935369789,0.5523674134833866,0.0662097935369789,0.8189547027302704,1.0,0.0006380340007849,0.0383281692547831,0.4393886773157397,0.4465849197738384,0.420273282615647,"[0.9523945007055675, -0.055500564508221314, -5.932455778410488]",0.5920236857201442
sindy_strong__d5__m0__n0.05__k4,sindy_strong,state_only_dynamics,5,0,0.05,21.6301077786905,21.6301077786905,0.0,3.2249201614851746,3.2249201614851746,3.2198534594545616,0.0,1.659953099534772,12.884791312739251,0.1006624321307754,12581888,0,0.001,0,0.8972917450591922,60,1,0,nan,0.6372001337906347,0.0272536264964561,0.0542837669206715,0.4008680366275268,0.0542837669206715,0.6224803950977412,1.0,0.0004323242146984,0.0251242654405902,0.2135543428527473,0.186894975251973,0.2973591256504024,"[0.9749182450255611, -0.09467440231455004, -5.8533448251948395]",0.59747066589478
sindy_strong__d5__m0__n0.05__k64,sindy_strong,state_only_dynamics,5,0,0.05,21.6301077786905,21.6301077786905,0.0,2.719605836432033,2.719605836432033,2.6946291362811223,0.0,1.6202878138703647,12.60620111785829,0.0984859462332679,12581888,0,0.001,0,0.9756706608459352,60,1,0,nan,0.5972595818486219,0.0289865316739328,0.0567522307074936,0.4752270557425935,0.0567522307074936,0.7087209656432969,1.0,0.0010102694918319,0.0328798129968895,0.3000056850940217,0.2941088252585359,0.4236814142902288,"[0.9885880973069958, -0.07433848435071033, -5.866746030645982]",0.5965470570956778
sindy_weighted__d5__m0__n0.05__k1,sindy_weighted,state_only_dynamics,5,0,0.05,21.6301077786905,21.6301077786905,0.0,2.1571305490335213,2.1571305490335213,2.036956940307425,0.0,inf,13.106193231418729,0.1023921346204588,12581888,0,0.001,0,0.9502281155437232,60,1,0,nan,1.328429452980026,0.0795366135856164,0.1982356368273585,0.6901053848047614,0.1982356368273585,1.020783662867975,0.8828125,0.1530047961803871,0.5140763818589259,6.16938065705608,6.270875009448489,4.508015040921692,"[nan, nan, nan]",nan
sindy_weighted__d5__m0__n0.05__k16,sindy_weighted,state_only_dynamics,5,0,0.05,21.6301077786905,21.6301077786905,0.0,2.3216913220278084,2.3216913220278084,2.2927183498527515,0.0,1.7412827424885209,12.634445244446397,0.0987066034722374,12581888,0,0.001,0,0.8998534753918648,60,1,0,nan,0.6312400069744027,0.0310224202072702,0.0949975599625543,0.6380118756390414,0.0949975599625543,0.9690664820221128,1.0,0.0004735043575989,0.0615265614173544,0.5424541148535196,0.5271906922599338,0.7157869199650535,"[0.942375653854352, -0.07505950971881029, -5.754153307480572]",0.6042345246268022
sindy_weighted__d5__m0__n0.05__k4,sindy_weighted,state_only_dynamics,5,0,0.05,21.6301077786905,21.6301077786905,0.0,2.5927241996654065,2.5927241996654065,2.5028080791221274,0.0,1.6424988663736195,12.949163625016809,0.1011653408204438,12581888,0,0.001,0,0.947430950589478,60,1,0,nan,0.7561887947390823,0.0339328166919973,0.076778972615579,0.533634645559633,0.076778972615579,0.8324612930066283,1.0,0.0008165876253922,0.0378558171431608,0.3172987688303307,0.3159621150659245,0.4720922131097931,"[0.9671961872194681, -0.0703760009453266, -5.502190062859621]",0.6214841937774607
sindy_weighted__d5__m0__n0.05__k64,sindy_weighted,state_only_dynamics,5,0,0.05,21.6301077786905,21.6301077786905,0.0,2.622553515845637,2.622553515845637,2.6261216158671954,0.0,1.6485711433479335,12.520981265231969,0.0978201661346247,12581888,0,0.001,0,0.9664401579648256,60,1,0,nan,0.6046036165123111,0.0286598396087078,0.0614664671822945,0.502218499905984,0.0614664671822945,0.7640965523231706,1.0,0.0005845879179271,0.0458304165540367,0.4018636440130875,0.3871544005841886,0.5630227483765701,"[0.9655235171527743, -0.0670997580431399, -5.864579241827329]",0.5966797030460237
