method,shot_count,metric,estimate,ci_lower,ci_upper,bootstrap_resamples,bootstrap_seed
panda,0,vpt_restricted_lt,2.207048848346316,2.1036850568145766,2.309434274426121,10000,2026
panda,1,vpt_restricted_lt,2.20824772995356,2.1037500996139125,2.3119475937201988,10000,2026
panda,4,vpt_restricted_lt,2.2162260016017656,2.1075963261058486,2.3226509556683372,10000,2026
panda,16,vpt_restricted_lt,2.279278187088323,2.1846446563259874,2.3728032781940342,10000,2026
sindy_weak,1,vpt_restricted_lt,4.825726428894685,4.706681810437543,4.925857890605185,10000,2026
sindy_weak,4,vpt_restricted_lt,4.908384958914692,4.872251160197567,4.941154200559481,10000,2026
sindy_weak,16,vpt_restricted_lt,4.915953769077201,4.881696260488229,4.948024695545819,10000,2026
sindy_weak_weighted,1,vpt_restricted_lt,4.619022888671724,4.257224240144042,4.837165374211865,10000,2026
sindy_weak_weighted,4,vpt_restricted_lt,4.904974914330107,4.872096674221996,4.936382407494537,10000,2026
sindy_weak_weighted,16,vpt_restricted_lt,4.916487345033222,4.882460409885924,4.945788611410821,10000,2026
panda,0,forecast_instability,0.0,0.0,0.0,10000,2026
panda,1,forecast_instability,0.0,0.0,0.0,10000,2026
panda,4,forecast_instability,0.0,0.0,0.0,10000,2026
panda,16,forecast_instability,0.0,0.0,0.0,10000,2026
sindy_weak,1,forecast_instability,0.0,0.0,0.0,10000,2026
sindy_weak,4,forecast_instability,0.0,0.0,0.0,10000,2026
sindy_weak,16,forecast_instability,0.0,0.0,0.0,10000,2026
sindy_weak_weighted,1,forecast_instability,0.0,0.0,0.0,10000,2026
sindy_weak_weighted,4,forecast_instability,0.0,0.0,0.0,10000,2026
sindy_weak_weighted,16,forecast_instability,0.0,0.0,0.0,10000,2026
panda,0,restricted_nrmse_auc_native,0.0954890083643407,0.08621498415441907,0.10560323152606507,10000,2026
panda,1,restricted_nrmse_auc_native,0.09548547246203658,0.08621244029139281,0.10559826069867434,10000,2026
panda,4,restricted_nrmse_auc_native,0.09538161445673603,0.08604298828315926,0.10553066770031369,10000,2026
panda,16,restricted_nrmse_auc_native,0.09580696936996272,0.08672480157165455,0.10580207777334369,10000,2026
sindy_weak,1,restricted_nrmse_auc_native,0.0016879627707835367,0.0008814061496845998,0.0031937676172361655,10000,2026
sindy_weak,4,restricted_nrmse_auc_native,0.0009210506820106487,0.0007733728367018093,0.0010967081696201689,10000,2026
sindy_weak,16,restricted_nrmse_auc_native,0.001004487736356819,0.0008134778023605443,0.0012753305240064856,10000,2026
sindy_weak_weighted,1,restricted_nrmse_auc_native,0.004001157347849613,0.0016110946842978343,0.007902348787220289,10000,2026
sindy_weak_weighted,4,restricted_nrmse_auc_native,0.0010767849780355257,0.0008155968102616807,0.0014073303563144138,10000,2026
sindy_weak_weighted,16,restricted_nrmse_auc_native,0.0010451662613909895,0.0007942784758996149,0.001363113552341523,10000,2026
panda,0,restricted_nrmse_auc_0_1LT,0.08109921822415775,0.07368117869431043,0.08921397775368865,10000,2026
panda,1,restricted_nrmse_auc_0_1LT,0.08109491581802217,0.07367453465155362,0.08921273067586337,10000,2026
panda,4,restricted_nrmse_auc_0_1LT,0.08101150020946003,0.0735108381785198,0.0892452156410978,10000,2026
panda,16,restricted_nrmse_auc_0_1LT,0.08154053806894253,0.07417575012884299,0.0896808143978917,10000,2026
sindy_weak,1,restricted_nrmse_auc_0_1LT,0.0011758994262421904,0.0007147991861948902,0.001783930434214846,10000,2026
sindy_weak,4,restricted_nrmse_auc_0_1LT,0.0007014068039524494,0.0006105297679747855,0.0008113600005072533,10000,2026
sindy_weak,16,restricted_nrmse_auc_0_1LT,0.0007216826870344703,0.0006322420351031598,0.0008254644457444296,10000,2026
sindy_weak_weighted,1,restricted_nrmse_auc_0_1LT,0.002744956875187503,0.0012815583824851704,0.005265479685441408,10000,2026
sindy_weak_weighted,4,restricted_nrmse_auc_0_1LT,0.0007948162501086127,0.0006667853692529837,0.0009457994939240853,10000,2026
sindy_weak_weighted,16,restricted_nrmse_auc_0_1LT,0.0007352027577420168,0.0006174191960068346,0.0008766427902888089,10000,2026
panda,0,restricted_nrmse_auc_0_2LT,0.19665235915151794,0.17970946871995555,0.21425132563498034,10000,2026
panda,1,restricted_nrmse_auc_0_2LT,0.19665755312022243,0.17971374935986614,0.21426592859547589,10000,2026
panda,4,restricted_nrmse_auc_0_2LT,0.1964134958442783,0.17977313963692482,0.2138735548958963,10000,2026
panda,16,restricted_nrmse_auc_0_2LT,0.1949569443571348,0.1783315675619656,0.21247409613661372,10000,2026
sindy_weak,1,restricted_nrmse_auc_0_2LT,0.004351048649432426,0.0023777929566138347,0.00690810404519666,10000,2026
sindy_weak,4,restricted_nrmse_auc_0_2LT,0.0027796126311527966,0.0018338689342545457,0.004208825629194197,10000,2026
sindy_weak,16,restricted_nrmse_auc_0_2LT,0.002871147696751615,0.001947566370862756,0.004547286438910379,10000,2026
sindy_weak_weighted,1,restricted_nrmse_auc_0_2LT,0.010317304147069722,0.004146481713120762,0.021252347522124224,10000,2026
sindy_weak_weighted,4,restricted_nrmse_auc_0_2LT,0.003012199289781004,0.0018366291786535208,0.004912549673898956,10000,2026
sindy_weak_weighted,16,restricted_nrmse_auc_0_2LT,0.0032054011372182794,0.0019347662357364235,0.0051041842831383325,10000,2026
panda,0,restricted_nrmse_auc_0_5LT,0.622708853169839,0.6010743082040683,0.6448915389481686,10000,2026
panda,1,restricted_nrmse_auc_0_5LT,0.6227503118349388,0.6010541159409848,0.6450392186042418,10000,2026
panda,4,restricted_nrmse_auc_0_5LT,0.6250616111610445,0.604316244316452,0.6464889741262841,10000,2026
panda,16,restricted_nrmse_auc_0_5LT,0.6188823764079642,0.5977319104293117,0.6398053823705921,10000,2026
sindy_weak,1,restricted_nrmse_auc_0_5LT,0.04624126567543031,0.021373763392713567,0.07722465622406112,10000,2026
sindy_weak,4,restricted_nrmse_auc_0_5LT,0.023254480637004506,0.01745189766693761,0.030118734001397383,10000,2026
sindy_weak,16,restricted_nrmse_auc_0_5LT,0.023027499517440354,0.018247495662180414,0.028979167242408857,10000,2026
sindy_weak_weighted,1,restricted_nrmse_auc_0_5LT,0.09360611879481825,0.049311154197758486,0.16582849969309416,10000,2026
sindy_weak_weighted,4,restricted_nrmse_auc_0_5LT,0.02647804870818169,0.02031565783065339,0.03509074078510722,10000,2026
sindy_weak_weighted,16,restricted_nrmse_auc_0_5LT,0.02453711159348041,0.019171129584516534,0.032143558362651835,10000,2026
panda,0,mean_coordinate_point_crps_native,0.08309389407320256,0.07488525575631198,0.09215882774515663,10000,2026
panda,1,mean_coordinate_point_crps_native,0.083090665967813,0.07488368542178173,0.09215394437319857,10000,2026
panda,4,mean_coordinate_point_crps_native,0.08299505693061701,0.07476082722322672,0.09208253755960878,10000,2026
panda,16,mean_coordinate_point_crps_native,0.08335806094151835,0.07537363540133442,0.0923388523308603,10000,2026
sindy_weak,1,mean_coordinate_point_crps_native,0.0014866757014166062,0.0007757689081083764,0.002805484339836518,10000,2026
sindy_weak,4,mean_coordinate_point_crps_native,0.0008106395277835369,0.0006823166439164594,0.0009630581889819861,10000,2026
sindy_weak,16,mean_coordinate_point_crps_native,0.0008828699231008952,0.0007177496226186718,0.0011156314992483499,10000,2026
sindy_weak_weighted,1,mean_coordinate_point_crps_native,0.0035113557485995255,0.0014222098180397154,0.0069116534468140894,10000,2026
sindy_weak_weighted,4,mean_coordinate_point_crps_native,0.0009450558650692612,0.0007192234547458151,0.0012313283233670585,10000,2026
sindy_weak_weighted,16,mean_coordinate_point_crps_native,0.0009181674195954316,0.0007009564065725848,0.0011933525856746869,10000,2026
