method,shot_count,adaptation,data_seed,trajectory_count,observed_training_state_count,restricted_mean_vpt_lt,median_vpt_lt,vpt_censoring_fraction,forecast_instability_fraction,mean_restricted_nrmse_auc_native,mean_restricted_nrmse_auc_0_1LT,mean_restricted_nrmse_auc_0_2LT,mean_restricted_nrmse_auc_0_5LT,mean_coordinate_point_crps_native,adaptation_wall_time_seconds,forecast_wall_time_seconds,optimizer_updates,vector_field_evaluations,surrogate_evaluations,parameter_count,trainable_parameter_count,inference_peak_gpu_memory_bytes,probabilistic,forecast_sample_count
panda,0,zero_shot,1,128,0,2.060149590447556,2.0232554362246398,0.0,0.0,0.1049456795492772,0.0878698537935021,0.2151167520407451,0.6350661056388367,0.0913035921450092,0.0,1.586353985592723,0,0,40,21354624,0,127336960,False,1
panda,1,prediction_head_only,1,128,640,2.060149590447556,2.0232554362246398,0.0,0.0,0.1049499768130849,0.0878742687593692,0.2151181343970484,0.6350149773616459,0.0913065683503056,0.3924849294126034,0.8076812494546175,1,0,40,21354624,65536,127336960,False,1
panda,16,prediction_head_only,1,128,10240,2.173768990425997,2.04152410833502,0.0234375,0.0,0.104970882620742,0.0884318995761286,0.211541770108641,0.6293158418036411,0.0912039648076808,1.0413309279829264,0.7325952537357807,50,0,40,21354624,65536,127336960,False,1
panda,4,prediction_head_only,1,128,2560,2.0597927804454006,2.0278226042522345,0.0,0.0,0.1049891848998159,0.0880230824798837,0.2142955890773247,0.6342972649490517,0.091314136511608,0.3345041926950216,0.7366654351353645,1,0,40,21354624,65536,127336960,False,1
sindy_weak,1,fit_from_scratch,1,128,640,4.93676746750609,5.0,0.9375,0.0,0.0006205973214121,0.0005255381409237,0.001966870185994,0.0179641251108378,0.000544294698029,0.0036320108920335,1.1638821717351675,1,2856960,0,30,30,0,False,1
sindy_weak,16,fit_from_scratch,1,128,10240,4.906982027562142,5.0,0.9296875,0.0,0.001004388207308,0.0007404562907332,0.0029391211657251,0.0268926926404306,0.000884609058905,0.0483175367116928,1.1688578315079212,1,2856960,0,30,30,0,False,1
sindy_weak,4,fit_from_scratch,1,128,2560,4.906669093796269,5.0,0.921875,0.0,0.0010350554994574,0.000747263700925,0.0033943947870253,0.0283029330090256,0.0009138171691401,0.0123988632112741,1.1970119141042233,1,2856960,0,30,30,0,False,1
sindy_weak_weighted,1,fit_from_scratch,1,128,640,4.799274073395709,5.0,0.78125,0.0,0.0019965771759447,0.0014917258985999,0.004851638729486,0.0648905225524926,0.0017558775171822,0.0037652943283319,1.1710999049246311,1,2856960,0,30,30,0,False,1
sindy_weak_weighted,16,fit_from_scratch,1,128,10240,4.89355487618907,5.0,0.90625,0.0,0.0012747205959657,0.0009108250800223,0.0034557366196398,0.0347264091004674,0.0011215551714298,0.0470325518399477,1.1698431055992842,1,2856960,0,30,30,0,False,1
sindy_weak_weighted,4,fit_from_scratch,1,128,2560,4.878360065277352,5.0,0.8671875,0.0,0.001140768978209,0.0008549061269487,0.0027554029512161,0.0390517409994543,0.0010000963398917,0.0126731991767883,1.1977535635232923,1,2856960,0,30,30,0,False,1
panda,0,zero_shot,2,128,0,2.317135249292225,2.192240653245659,0.0234375,0.0,0.096260578428836,0.0790650446377804,0.185490743453294,0.6056340370959116,0.0833585563588949,0.0,1.5129608120769262,0,0,40,21354624,0,127336960,False,1
panda,1,prediction_head_only,2,128,640,2.3233437433297377,2.215076493383634,0.0234375,0.0,0.0962484338230544,0.0790510683181343,0.185481393778472,0.605544728736128,0.0833472980687502,0.372825525701046,0.7443608678877354,1,0,40,21354624,65536,127336960,False,1
panda,16,prediction_head_only,2,128,10240,2.3613247180312573,2.279016845769966,0.0078125,0.0,0.0958947949551751,0.0786775964177455,0.1857453655027617,0.6035850327566189,0.0828916829538313,1.006028512492776,0.7629557680338621,50,0,40,21354624,65536,127336960,False,1
panda,4,prediction_head_only,2,128,2560,2.3181781935345454,2.233345165494015,0.015625,0.0,0.096024673715366,0.0788055903629636,0.1851906338793534,0.6091953151124736,0.0831154490849169,0.3283300381153822,0.6587505042552948,1,0,40,21354624,65536,127336960,False,1
sindy_weak,1,fit_from_scratch,2,128,640,4.930932173942869,5.0,0.921875,0.0,0.0008695432105154,0.00071304097598,0.0023710238509868,0.0165891387790166,0.0007604557590734,0.0035803038626909,1.151857677847147,1,2856960,0,30,30,0,False,1
sindy_weak,16,fit_from_scratch,2,128,10240,4.94620364203514,5.0,0.921875,0.0,0.0011683935991305,0.0007972861660987,0.0029167725417705,0.0166263790257258,0.0010218864664745,0.0500174649059772,1.1702418252825737,1,2856960,0,30,30,0,False,1
sindy_weak,4,fit_from_scratch,2,128,2560,4.939995147997628,5.0,0.921875,0.0,0.0010887362277176,0.0007921480097197,0.0028609176643483,0.0150779675650055,0.0009513570566883,0.0123311653733253,1.1644261926412582,1,2856960,0,30,30,0,False,1
sindy_weak_weighted,1,fit_from_scratch,2,128,640,3.9206678946083833,3.973436184007757,0.234375,0.0,0.0107927524918234,0.0074139372814366,0.0304033835475679,0.2335132764355095,0.0094413701575186,0.0037251040339469,1.1583205442875624,1,2856960,0,30,30,0,False,1
sindy_weak_weighted,16,fit_from_scratch,2,128,10240,4.904330538254177,5.0,0.90625,0.0,0.0012527982504703,0.0008121053145103,0.0044064891415304,0.0237741562959579,0.0010955649864597,0.0466593969613313,1.165301190689206,1,2856960,0,30,30,0,False,1
sindy_weak_weighted,4,fit_from_scratch,2,128,2560,4.90801387651245,5.0,0.8984375,0.0,0.0014082256614833,0.0009732159887892,0.0042232271642282,0.022904592389991,0.001232521679929,0.0124071557074785,1.1991646010428667,1,2856960,0,30,30,0,False,1
panda,0,zero_shot,3,128,0,2.2299472752374667,2.1145987967765416,0.0078125,0.0,0.08285090197063,0.0720244715892607,0.1925023522941741,0.6016065785355924,0.0719790631665397,0.0,1.4611294846981764,0,0,40,21354624,0,127336960,False,1
panda,1,prediction_head_only,3,128,640,2.23016136123876,2.1145987967765416,0.0078125,0.0,0.0828458928872778,0.0720182448553724,0.1924898750635334,0.6016329925573575,0.0719747593332719,0.3090274389833212,0.7385246120393276,1,0,40,21354624,65536,127336960,False,1
panda,16,prediction_head_only,3,128,10240,2.316937553763068,2.192240653245659,0.0078125,0.0,0.0837273301082728,0.0727858307692466,0.1917116282004381,0.5973359059310008,0.0727900022570706,0.9795793741941452,0.7989261671900749,50,0,40,21354624,65536,127336960,False,1
panda,4,prediction_head_only,3,128,2560,2.240580213301711,2.1145987967765416,0.0078125,0.0,0.0825500723060899,0.0716909097721754,0.1915240248347876,0.604446762735414,0.0717195011747535,0.3760320525616407,0.7427877224981785,1,0,40,21354624,65536,127336960,False,1
sindy_weak,1,fit_from_scratch,3,128,640,4.614577111124284,5.0,0.5546875,0.0,0.0017303446957108,0.0013244449421276,0.0061918839894055,0.1028948034135467,0.0015393362904583,0.0036572217941284,1.1804722119122744,1,2856960,0,30,30,0,False,1
sindy_weak,16,fit_from_scratch,3,128,10240,4.908754982280909,5.0,0.90625,0.0,0.0008462044210648,0.0007099899300103,0.0018617628022698,0.0260304738096646,0.0007471729711438,0.0467864628881216,1.163673996925354,1,2856960,0,30,30,0,False,1
sindy_weak,4,fit_from_scratch,3,128,2560,4.889931804639215,5.0,0.890625,0.0,0.000733909390822,0.0006171433429775,0.0016004312652031,0.0236439685595708,0.0006477555662456,0.0121806599199771,1.1605756282806396,1,2856960,0,30,30,0,False,1
sindy_weak_weighted,1,fit_from_scratch,3,128,640,4.709274990628218,5.0,0.65625,0.0,0.001832223777381,0.0015783181571387,0.0048473929430544,0.0741159742463698,0.0016190831264596,0.0037755668163299,1.1571249086409807,1,2856960,0,30,30,0,False,1
sindy_weak_weighted,16,fit_from_scratch,3,128,10240,4.927550674158455,5.0,0.9140625,0.0,0.0007608939899476,0.0006381311075539,0.001678643880097,0.024242492410398,0.000671958397231,0.0470330696552991,1.141120512038469,1,2856960,0,30,30,0,False,1
sindy_weak_weighted,4,fit_from_scratch,3,128,2560,4.90147605823693,5.0,0.90625,0.0,0.0007166216703668,0.0006158490607483,0.001562201705219,0.0229662786207337,0.0006321111824599,0.0123565085232257,1.1614256016910076,1,2856960,0,30,30,0,False,1
panda,0,zero_shot,4,128,0,2.154204707015843,2.0232554362246398,0.0,0.0,0.0927774954680249,0.0819324813796606,0.21096530556123,0.6487950293279411,0.0805187131336156,0.0,1.5479487031698227,0,0,40,21354624,0,127336960,False,1
panda,1,prediction_head_only,4,128,640,2.1535624490119623,2.0232554362246398,0.0,0.0,0.0927741341182159,0.0819285440224767,0.2110206137403471,0.6491030241221034,0.0805157204060422,0.3624170161783695,0.7784776110202074,1,0,40,21354624,65536,127336960,False,1
panda,16,prediction_head_only,4,128,10240,2.2132924433728545,2.1602704770524928,0.0,0.0,0.0932351864120568,0.0825728155082941,0.2098206124666529,0.6421599123074089,0.0810088372739591,1.0667433571070433,0.6690309513360262,50,0,40,21354624,65536,127336960,False,1
panda,4,prediction_head_only,4,128,2560,2.157415997035246,2.0278226042522345,0.0,0.0,0.0928953953289289,0.0820882406568923,0.2109532676441666,0.6503345210521502,0.0806422927240161,0.3252559546381235,0.6635715793818235,1,0,40,21354624,65536,127336960,False,1
sindy_weak,1,fit_from_scratch,4,128,640,4.771190226170097,5.0,0.75,0.0,0.0037578455907724,0.0021835622464335,0.0076099506948711,0.0583686575089612,0.0032957984787517,0.0036307219415903,1.163715360686183,1,2856960,0,30,30,0,False,1
sindy_weak,16,fit_from_scratch,4,128,10240,4.917664137042793,5.0,0.8828125,0.0,0.0011397897722371,0.0007132142015751,0.0045115847581096,0.0251471838530332,0.0009964471021452,0.0467664431780576,1.188626304268837,1,2856960,0,30,30,0,False,1
sindy_weak,4,fit_from_scratch,4,128,2560,4.89146318759254,5.0,0.859375,0.0,0.0009052736609952,0.0007202475758085,0.0038580980405922,0.028874007632627,0.0007953741471046,0.0123152546584606,1.1539514772593975,1,2856960,0,30,30,0,False,1
sindy_weak_weighted,1,fit_from_scratch,4,128,640,4.821154721763932,5.0,0.7734375,0.0,0.0040302637986139,0.002206096320257,0.0077188776355592,0.0533984481973283,0.0035442029562497,0.0039460901170969,1.1642868425697088,1,2856960,0,30,30,0,False,1
sindy_weak_weighted,16,fit_from_scratch,4,128,10240,4.924240536374474,5.0,0.90625,0.0,0.001084199039641,0.0006697072210312,0.0044078837159989,0.0202315676928619,0.0009472234401265,0.0469991490244865,1.1551013104617596,1,2856960,0,30,30,0,False,1
sindy_weak_weighted,4,fit_from_scratch,4,128,2560,4.925771919327799,5.0,0.875,0.0,0.0012200887072644,0.0008071772751097,0.0045751172563931,0.0221447798596212,0.0010682169077525,0.0125428717583417,1.1571710258722303,1,2856960,0,30,30,0,False,1
panda,0,zero_shot,5,128,0,2.2738074197384903,2.1876734852180637,0.0,0.0,0.1006103864049353,0.084604239720585,0.1791866424081465,0.6224425152509134,0.0883095455619533,0.0,1.428563691675663,0,0,40,21354624,0,127336960,False,1
panda,1,prediction_head_only,5,128,640,2.274021505739784,2.1876734852180637,0.0,0.0,0.1006089246685499,0.0846024531347583,0.1791777486217112,0.622455836397459,0.0883089836806951,0.3206388931721449,0.6175248082727194,1,0,40,21354624,65536,127336960,False,1
panda,16,prediction_head_only,5,128,10240,2.33106722984844,2.269882509714776,0.0078125,0.0,0.1012066527535669,0.0852345480732979,0.1759653455071803,0.6220151892411514,0.0888958174150499,0.9725684281438588,0.7296577859669924,50,0,40,21354624,65536,127336960,False,1
panda,4,prediction_head_only,5,128,2560,2.305162823691924,2.1922406532456584,0.0078125,0.0,0.1004487460334795,0.0844496777753852,0.1801039637857591,0.6270341919561332,0.0881839051577907,0.3928147032856941,0.6544666383415461,1,0,40,21354624,65536,127336960,False,1
sindy_weak,1,fit_from_scratch,5,128,640,4.875165165730085,5.0,0.8515625,0.0,0.0014614830355069,0.0011329108257462,0.0036155145259048,0.0353896035647892,0.0012934932807707,0.0036763623356819,1.173314170911908,1,2856960,0,30,30,0,False,1
sindy_weak,16,fit_from_scratch,5,128,10240,4.900164056465021,5.0,0.8984375,0.0,0.0008636626820437,0.0006474668467551,0.002126497215883,0.0204407682583475,0.0007642340168359,0.0466187410056591,1.1670329440385103,1,2856960,0,30,30,0,False,1
sindy_weak,4,fit_from_scratch,5,128,2560,4.913865560547806,5.0,0.8984375,0.0,0.0008422786310609,0.0006302313903315,0.002184221398595,0.0203735264187937,0.0007448936997391,0.0122171137481927,1.2016272600740194,1,2856960,0,30,30,0,False,1
sindy_weak_weighted,1,fit_from_scratch,5,128,640,4.844742762962379,5.0,0.8046875,0.0,0.0013539694954851,0.0010347067185053,0.0037652278796811,0.0421123725423911,0.0011962449855875,0.0042949561029672,1.1759817991405723,1,2856960,0,30,30,0,False,1
sindy_weak_weighted,16,fit_from_scratch,5,128,10240,4.932760100189931,5.0,0.9140625,0.0,0.0008532194309304,0.0006452450655925,0.0020782523288254,0.0197109324677169,0.0007545351027302,0.0475536398589611,1.1492572538554668,1,2856960,0,30,30,0,False,1
sindy_weak_weighted,4,fit_from_scratch,5,128,2560,4.9112526522960005,5.0,0.90625,0.0,0.0008982198728542,0.0007229327989471,0.0019450473718487,0.0253228516711083,0.0007923332153133,0.0125370826572179,1.1634195316582918,1,2856960,0,30,30,0,False,1
