run_id,method,track,data_seed,model_seed,noise_level,forecast_context_steps,forecast_origin_time,forecast_horizon_lt,full_forecast_horizon_lt,full_horizon_vpt_censoring_fraction,full_horizon_restricted_mean_vpt_lt,restricted_mean_vpt_lt,median_vpt_lt,vpt_censoring_fraction,mean_normalized_squared_error,inference_wall_time_seconds,inference_seconds_per_trajectory,vector_field_evaluations,surrogate_evaluations,integration_internal_step,training_vector_field_evaluations,training_wall_time_seconds,parameter_count,optimizer_updates,peak_gpu_memory_bytes,inference_peak_gpu_memory_bytes,parameter_relative_error,coefficient_relative_error,median_nrmse_auc_0_1LT,median_nrmse_auc_0_2LT,median_nrmse_auc_0_5LT,median_pinn_in_domain_auc_0_2LT,median_pinn_extrapolation_auc_2_5LT,stability_fraction,rq_mmd,covariance_relative_error,wasserstein_x,wasserstein_y,wasserstein_z,lyapunov_spectrum,lyapunov_spectrum_relative_error
panda_zero_shot__d1__m0__n0,panda_zero_shot,pretrained_sequence_forecasting,1,0,0.0,512,5.11,16.852850021826,16.852850021826,0.0,2.0500875483867604,2.0500875483867604,2.018688268197044,0.0,1.1555441322486946,3.380770182237029,0.0264122670487267,0,120,nan,0,0.0,21354624,0,0,128077312,nan,nan,0.0596267305943756,0.1583766037721373,0.64281240650534,0.1583766037721373,0.9229274320675036,1.0,0.0621610944783594,0.6978132710231794,2.9333930145101164,3.290736794053644,3.897713229951712,nan,nan
panda_zero_shot__d1__m1__n0,panda_zero_shot,pretrained_sequence_forecasting,1,1,0.0,512,5.11,16.852850021826,16.852850021826,0.0,2.046091276362615,2.046091276362615,2.0049867641142587,0.0,1.1688160856910663,2.572030084207654,0.0200939850328722,0,120,nan,0,0.0,21354624,0,0,128077312,nan,nan,0.0593859451187914,0.1620542167986744,0.6384484726154065,0.1620542167986744,0.9126093530752616,1.0,0.0520384662121491,0.6685129087102157,2.7163413623787624,3.04360689233735,3.686717917027323,nan,nan
panda_zero_shot__d1__m2__n0,panda_zero_shot,pretrained_sequence_forecasting,1,2,0.0,512,5.11,16.852850021826,16.852850021826,0.0,2.100897292693756,2.100897292693756,2.027822604252234,0.0,1.1360676665864882,2.619738858193159,0.020466709829634,0,120,nan,0,0.0,21354624,0,0,128077312,nan,nan,0.0610336304351254,0.1622516147943944,0.615840693236764,0.1622516147943944,0.9099515706330514,1.0,0.063694250062896,0.6956943644139421,2.926042672258622,3.249708662913691,3.894648544052892,nan,nan
sindy_weak__d1__m0__n0,sindy_weak,state_only_dynamics,1,0,0.0,512,5.11,16.852850021826,16.852850021826,0.0,7.03900499853012,7.03900499853012,6.91012522575142,0.0,1.0683795388497443,4.517962882295251,0.0352965850179316,9812480,0,0.001,0,1.070783143863082,30,1,0,0,nan,0.0004176748922938,0.0004398314544487,0.0012279079219816,0.0122446722324656,0.0012279079219816,0.0180450556378236,1.0,0.0005955599143012,0.0031459174907633,0.0507921462954502,0.0563589629769601,0.038598110760198,"[1.0804959933754497, -0.06613706933539054, -14.682041379950265]",0.0141181590033004
sindy_weak__d1__m1__n0,sindy_weak,state_only_dynamics,1,1,0.0,512,5.11,16.852850021826,16.852850021826,0.0,7.03900499853012,7.03900499853012,6.91012522575142,0.0,1.0683795388497443,4.4853656850755215,0.0350419194146525,9812480,0,0.001,0,1.220991088077426,30,1,0,0,nan,0.0004176748922938,0.0004398314544487,0.0012279079219816,0.0122446722324656,0.0012279079219816,0.0180450556378236,1.0,0.0005955599143012,0.0031459174907633,0.0507921462954502,0.0563589629769601,0.038598110760198,"[1.0804959933754497, -0.06613706933539054, -14.682041379950265]",0.0141181590033004
sindy_weak__d1__m2__n0,sindy_weak,state_only_dynamics,1,2,0.0,512,5.11,16.852850021826,16.852850021826,0.0,7.03900499853012,7.03900499853012,6.91012522575142,0.0,1.0683795388497443,4.270704699680209,0.0333648804662516,9812480,0,0.001,0,1.1038003843277693,30,1,0,0,nan,0.0004176748922938,0.0004398314544487,0.0012279079219816,0.0122446722324656,0.0012279079219816,0.0180450556378236,1.0,0.0005955599143012,0.0031459174907633,0.0507921462954502,0.0563589629769601,0.038598110760198,"[1.0804959933754497, -0.06613706933539054, -14.682041379950265]",0.0141181590033004
sindy_weak_weighted__d1__m0__n0,sindy_weak_weighted,state_only_dynamics,1,0,0.0,512,5.11,16.852850021826,16.852850021826,0.0,7.024732598443886,7.024732598443886,6.9238267298342056,0.0,1.0629170010317857,4.528420884162188,0.035378288157517,9812480,0,0.001,0,1.222971810027957,30,1,0,0,nan,0.0004480717350038,0.0004349779153648,0.0012265015892909,0.0121658237594453,0.0012265015892909,0.0178502333044404,1.0,0.0004009300922154,0.0048094217523557,0.0862730252450345,0.0792890809848279,0.054466272569963,"[0.9122842671022291, 0.030142906552419826, -14.610255770743548]",0.0027383453053871
sindy_weak_weighted__d1__m1__n0,sindy_weak_weighted,state_only_dynamics,1,1,0.0,512,5.11,16.852850021826,16.852850021826,0.0,7.024732598443886,7.024732598443886,6.9238267298342056,0.0,1.0629170010317857,4.604628320783377,0.0359736587561201,9812480,0,0.001,0,1.2249073218554258,30,1,0,0,nan,0.0004480717350038,0.0004349779153648,0.0012265015892909,0.0121658237594453,0.0012265015892909,0.0178502333044404,1.0,0.0004009300922154,0.0048094217523557,0.0862730252450345,0.0792890809848279,0.054466272569963,"[0.9122842671022291, 0.030142906552419826, -14.610255770743548]",0.0027383453053871
sindy_weak_weighted__d1__m2__n0,sindy_weak_weighted,state_only_dynamics,1,2,0.0,512,5.11,16.852850021826,16.852850021826,0.0,7.024732598443886,7.024732598443886,6.9238267298342056,0.0,1.0629170010317857,4.515686225146055,0.0352787986339535,9812480,0,0.001,0,1.2363910842686892,30,1,0,0,nan,0.0004480717350038,0.0004349779153648,0.0012265015892909,0.0121658237594453,0.0012265015892909,0.0178502333044404,1.0,0.0004009300922154,0.0048094217523557,0.0862730252450345,0.0792890809848279,0.054466272569963,"[0.9122842671022291, 0.030142906552419826, -14.610255770743548]",0.0027383453053871
panda_zero_shot__d2__m0__n0,panda_zero_shot,pretrained_sequence_forecasting,2,0,0.0,512,5.11,16.259118178238637,16.259118178238637,0.0,2.35466056622701,2.35466056622701,2.2470466695768003,0.0,1.1478692816013774,2.3717710077762604,0.018529460998252,0,112,nan,0,0.0,21354624,0,0,128015872,nan,nan,0.0540204767059387,0.1474609482452061,0.6322148029892494,0.1474609482452061,0.943631405353972,1.0,0.0557541989299199,0.6837578797095384,2.9057520837881943,3.269116526311387,3.810095683537676,nan,nan
panda_zero_shot__d2__m1__n0,panda_zero_shot,pretrained_sequence_forecasting,2,1,0.0,512,5.11,16.259118178238637,16.259118178238637,0.0,2.331682002088172,2.331682002088172,2.233345165494015,0.0,1.172891589054665,2.5043902788311243,0.0195655490533681,0,112,nan,0,0.0,21354624,0,0,128015872,nan,nan,0.0535472503368475,0.1432727961630138,0.6287808581515881,0.1432727961630138,0.9410457242540896,1.0,0.0494168241324448,0.6635384580373652,2.8045153754502365,3.0826896523399223,3.6457370376059353,nan,nan
panda_zero_shot__d2__m2__n0,panda_zero_shot,pretrained_sequence_forecasting,2,2,0.0,512,5.11,16.259118178238637,16.259118178238637,0.0,2.3269721100597147,2.3269721100597147,2.2379123335216105,0.0,1.1588025125862844,2.5194451566785574,0.0196831652865512,0,112,nan,0,0.0,21354624,0,0,128015872,nan,nan,0.0545046523912799,0.1484756460924366,0.6284516961661626,0.1484756460924366,0.9331683702050126,1.0,0.0525000359604843,0.6855959140227692,2.966117662608048,3.263592090541145,3.8167396950014183,nan,nan
sindy_weak__d2__m0__n0,sindy_weak,state_only_dynamics,2,0,0.0,512,5.11,16.259118178238637,16.259118178238637,0.0,6.916619167790657,6.916619167790657,6.777677352951162,0.0,1.0329733489817956,4.389169318601489,0.0342903853015741,9461248,0,0.001,0,1.2346485443413258,30,1,0,0,nan,0.0003895484091578,0.0003242025747698,0.0009890115677639,0.0110004006835463,0.0009890115677639,0.0167555885363472,1.0,0.0009251306155519,0.0048408589577493,0.0390658127597635,0.0358558617467299,0.0602320743856474,"[0.9108294426668571, -0.035789211116167174, -14.542803326687286]",0.0037231812900107
sindy_weak__d2__m1__n0,sindy_weak,state_only_dynamics,2,1,0.0,512,5.11,16.259118178238637,16.259118178238637,0.0,6.916619167790657,6.916619167790657,6.777677352951162,0.0,1.0329733489817956,4.357258876785636,0.0340410849748877,9461248,0,0.001,0,1.2299152575433254,30,1,0,0,nan,0.0003895484091578,0.0003242025747698,0.0009890115677639,0.0110004006835463,0.0009890115677639,0.0167555885363472,1.0,0.0009251306155519,0.0048408589577493,0.0390658127597635,0.0358558617467299,0.0602320743856474,"[0.9108294426668571, -0.035789211116167174, -14.542803326687286]",0.0037231812900107
sindy_weak__d2__m2__n0,sindy_weak,state_only_dynamics,2,2,0.0,512,5.11,16.259118178238637,16.259118178238637,0.0,6.916619167790657,6.916619167790657,6.777677352951162,0.0,1.0329733489817956,4.387249818071723,0.0342753892036853,9461248,0,0.001,0,1.2210600208491087,30,1,0,0,nan,0.0003895484091578,0.0003242025747698,0.0009890115677639,0.0110004006835463,0.0009890115677639,0.0167555885363472,1.0,0.0009251306155519,0.0048408589577493,0.0390658127597635,0.0358558617467299,0.0602320743856474,"[0.9108294426668571, -0.035789211116167174, -14.542803326687286]",0.0037231812900107
sindy_weak_weighted__d2__m0__n0,sindy_weak_weighted,state_only_dynamics,2,0,0.0,512,5.11,16.259118178238637,16.259118178238637,0.0,6.832840179284458,6.832840179284458,6.773110184923567,0.0,1.00981567626027,4.370094545185566,0.0341413636342622,9461248,0,0.001,0,1.226163575425744,30,1,0,0,nan,0.0004149041688351,0.0003235745811026,0.0009893932939998,0.0111519812077602,0.0009893932939998,0.0170466174296808,1.0,0.0006818621969852,0.0055029201088464,0.0732051501334223,0.0778658366469618,0.1018593545608319,"[0.9236195323132669, -0.04745451604277455, -14.543832954990828]",0.0043239896064136
sindy_weak_weighted__d2__m1__n0,sindy_weak_weighted,state_only_dynamics,2,1,0.0,512,5.11,16.259118178238637,16.259118178238637,0.0,6.832840179284458,6.832840179284458,6.773110184923567,0.0,1.00981567626027,4.379733148962259,0.0342166652262676,9461248,0,0.001,0,1.2349149696528912,30,1,0,0,nan,0.0004149041688351,0.0003235745811026,0.0009893932939998,0.0111519812077602,0.0009893932939998,0.0170466174296808,1.0,0.0006818621969852,0.0055029201088464,0.0732051501334223,0.0778658366469618,0.1018593545608319,"[0.9236195323132669, -0.04745451604277455, -14.543832954990828]",0.0043239896064136
sindy_weak_weighted__d2__m2__n0,sindy_weak_weighted,state_only_dynamics,2,2,0.0,512,5.11,16.259118178238637,16.259118178238637,0.0,6.832840179284458,6.832840179284458,6.773110184923567,0.0,1.00981567626027,3.8164723496884103,0.0298161902319407,9461248,0,0.001,0,1.2171906735748053,30,1,0,0,nan,0.0004149041688351,0.0003235745811026,0.0009893932939998,0.0111519812077602,0.0009893932939998,0.0170466174296808,1.0,0.0006818621969852,0.0055029201088464,0.0732051501334223,0.0778658366469618,0.1018593545608319,"[0.9236195323132669, -0.04745451604277455, -14.543832954990828]",0.0043239896064136
panda_zero_shot__d3__m0__n0,panda_zero_shot,pretrained_sequence_forecasting,3,0,0.0,512,5.11,16.898521702101952,16.898521702101952,0.0,2.231917925485392,2.231917925485392,2.1191659648041368,0.0,1.1574370578220343,2.654036182910204,0.0207346576789859,0,120,nan,0,0.0,21354624,0,0,128078336,nan,nan,0.0546784696466186,0.1403822625145249,0.5819278358217245,0.1403822625145249,0.8688537542606227,1.0,0.0586000303598868,0.6789119650996653,2.868857861606708,3.1338101359945334,3.791553566994722,nan,nan
panda_zero_shot__d3__m1__n0,panda_zero_shot,pretrained_sequence_forecasting,3,1,0.0,512,5.11,16.898521702101952,16.898521702101952,0.0,2.272808351732454,2.272808351732454,2.142001804942112,0.0,1.1654571125603803,2.711243361234665,0.0211815887596458,0,120,nan,0,0.0,21354624,0,0,128078336,nan,nan,0.0536502931436536,0.1392057438409444,0.59133146521582,0.1392057438409444,0.8629650521611869,1.0,0.0530298399072379,0.6663890190327055,2.821490001094624,3.07356066050354,3.6511258337998607,nan,nan
panda_zero_shot__d3__m2__n0,panda_zero_shot,pretrained_sequence_forecasting,3,2,0.0,512,5.11,16.898521702101952,16.898521702101952,0.0,2.2034444873133525,2.2034444873133525,2.1100316287489465,0.0,1.1635094838798454,2.50065921805799,0.019536400141078,0,120,nan,0,0.0,21354624,0,0,128078336,nan,nan,0.0545741321061523,0.1409220433841198,0.6082864459697347,0.1409220433841198,0.8943411220917896,1.0,0.059670984506726,0.6752515210184982,2.879728624268822,3.122736433020299,3.659794700121604,nan,nan
sindy_weak__d3__m0__n0,sindy_weak,state_only_dynamics,3,0,0.0,512,5.11,16.898521702101952,16.898521702101952,0.0,6.887003937611721,6.887003937611721,6.800513193089138,0.0,1.0547295320935708,4.549424489960074,0.035542378827813,9839616,0,0.001,0,1.2225072123110294,30,1,0,0,nan,0.0004562622412954,0.00039592530463,0.0012449848789484,0.0126898342075145,0.0012449848789484,0.0195970224045843,1.0,0.0009619609691067,0.0076460149060399,0.0719580440392405,0.0760043741932399,0.1139536195537186,"[0.9437133661655434, 0.01203750143961212, -14.62354022341302]",0.0035880804685743
sindy_weak__d3__m1__n0,sindy_weak,state_only_dynamics,3,1,0.0,512,5.11,16.898521702101952,16.898521702101952,0.0,6.887003937611721,6.887003937611721,6.800513193089138,0.0,1.0547295320935708,4.508510634303093,0.0352227393304929,9839616,0,0.001,0,1.2290709409862757,30,1,0,0,nan,0.0004562622412954,0.00039592530463,0.0012449848789484,0.0126898342075145,0.0012449848789484,0.0195970224045843,1.0,0.0009619609691067,0.0076460149060399,0.0719580440392405,0.0760043741932399,0.1139536195537186,"[0.9437133661655434, 0.01203750143961212, -14.62354022341302]",0.0035880804685743
sindy_weak__d3__m2__n0,sindy_weak,state_only_dynamics,3,2,0.0,512,5.11,16.898521702101952,16.898521702101952,0.0,6.887003937611721,6.887003937611721,6.800513193089138,0.0,1.0547295320935708,4.357744755223393,0.0340448809001827,9839616,0,0.001,0,1.2294430993497372,30,1,0,0,nan,0.0004562622412954,0.00039592530463,0.0012449848789484,0.0126898342075145,0.0012449848789484,0.0195970224045843,1.0,0.0009619609691067,0.0076460149060399,0.0719580440392405,0.0760043741932399,0.1139536195537186,"[0.9437133661655434, 0.01203750143961212, -14.62354022341302]",0.0035880804685743
sindy_weak_weighted__d3__m0__n0,sindy_weak_weighted,state_only_dynamics,3,0,0.0,512,5.11,16.898521702101952,16.898521702101952,0.0,6.867593473494441,6.867593473494441,6.782244520978757,0.0,1.091876042962192,4.450594009831548,0.0347702657018089,9839616,0,0.001,0,1.223407745361328,30,1,0,0,nan,0.0004553693271098,0.0003878416085362,0.0012456071801946,0.0125961267618873,0.0012456071801946,0.0187741010729711,1.0,0.0008636316384498,0.0072260357939201,0.0818907761635682,0.0903427872124371,0.1406919281856792,"[0.9236495463114053, 0.03793485205853522, -14.62935890871788]",0.0041354091490912
sindy_weak_weighted__d3__m1__n0,sindy_weak_weighted,state_only_dynamics,3,1,0.0,512,5.11,16.898521702101952,16.898521702101952,0.0,6.867593473494441,6.867593473494441,6.782244520978757,0.0,1.091876042962192,4.027476256713271,0.0314646582555724,9839616,0,0.001,0,1.0815710294991732,30,1,0,0,nan,0.0004553693271098,0.0003878416085362,0.0012456071801946,0.0125961267618873,0.0012456071801946,0.0187741010729711,1.0,0.0008636316384498,0.0072260357939201,0.0818907761635682,0.0903427872124371,0.1406919281856792,"[0.9236495463114053, 0.03793485205853522, -14.62935890871788]",0.0041354091490912
sindy_weak_weighted__d3__m2__n0,sindy_weak_weighted,state_only_dynamics,3,2,0.0,512,5.11,16.898521702101952,16.898521702101952,0.0,6.867593473494441,6.867593473494441,6.782244520978757,0.0,1.091876042962192,4.062812272459269,0.031740720878588,9839616,0,0.001,0,1.235455147922039,30,1,0,0,nan,0.0004553693271098,0.0003878416085362,0.0012456071801946,0.0125961267618873,0.0012456071801946,0.0187741010729711,1.0,0.0008636316384498,0.0072260357939201,0.0818907761635682,0.0903427872124371,0.1406919281856792,"[0.9236495463114053, 0.03793485205853522, -14.62935890871788]",0.0041354091490912
panda_zero_shot__d4__m0__n0,panda_zero_shot,pretrained_sequence_forecasting,4,0,0.0,512,5.11,16.478342243563205,16.478342243563205,0.0,2.161697717061116,2.161697717061116,2.0506584443902103,0.0,1.1638712651137657,2.4474056903272867,0.0191203569556819,0,120,nan,0,0.0,21354624,0,0,128069632,nan,nan,0.0555804661690512,0.1494709978694243,0.6433858399705314,0.1494709978694243,0.9454306191621644,1.0,0.0621820380318514,0.7199260811159487,3.1187702291462585,3.4051112535369072,4.038467099175677,nan,nan
panda_zero_shot__d4__m1__n0,panda_zero_shot,pretrained_sequence_forecasting,4,1,0.0,512,5.11,16.478342243563205,16.478342243563205,0.0,2.1397895829287457,2.1397895829287457,2.018688268197044,0.0,1.1690787691934987,2.6083110440522432,0.0203774300316581,0,120,nan,0,0.0,21354624,0,0,128069632,nan,nan,0.0553442488305169,0.1485042990051206,0.6486285962819609,0.1485042990051206,0.9451671304845536,1.0,0.062498987856552,0.7105464088527409,3.108503870997862,3.3774070897487527,3.868413828933479,nan,nan
panda_zero_shot__d4__m2__n0,panda_zero_shot,pretrained_sequence_forecasting,4,2,0.0,512,5.11,16.478342243563205,16.478342243563205,0.0,2.181750439182276,2.181750439182276,2.04152410833502,0.0,1.1981482711688771,2.5287179723382,0.0197556091588921,0,120,nan,0,0.0,21354624,0,0,128069632,nan,nan,0.0557578518784861,0.1441489135006946,0.650792032788576,0.1441489135006946,0.9587202052281812,1.0,0.0515437884847131,0.6897978533358653,3.044894192999528,3.2251171631895077,3.6504254880710256,nan,nan
sindy_weak__d4__m0__n0,sindy_weak,state_only_dynamics,4,0,0.0,512,5.11,16.478342243563205,16.478342243563205,0.0,6.853392435408638,6.853392435408638,6.814214697171923,0.0,1.020959840537677,4.2944257985800505,0.0335502015514066,9591296,0,0.001,0,1.2274009846150875,30,1,0,0,nan,0.0004171512481919,0.0003515723500852,0.0012138671429603,0.011765327823001,0.0012138671429603,0.0185353426077972,1.0,0.0002769433445377,0.014053432410677,0.3887429860888788,0.4125781482598395,0.0987554378773389,"[0.8161817747678517, 0.03976835435568749, -14.523543807596125]",0.0081869266507324
sindy_weak__d4__m1__n0,sindy_weak,state_only_dynamics,4,1,0.0,512,5.11,16.478342243563205,16.478342243563205,0.0,6.853392435408638,6.853392435408638,6.814214697171923,0.0,1.020959840537677,4.51099762879312,0.0352421689749462,9591296,0,0.001,0,1.2230228874832392,30,1,0,0,nan,0.0004171512481919,0.0003515723500852,0.0012138671429603,0.011765327823001,0.0012138671429603,0.0185353426077972,1.0,0.0002769433445377,0.014053432410677,0.3887429860888788,0.4125781482598395,0.0987554378773389,"[0.8161817747678517, 0.03976835435568749, -14.523543807596125]",0.0081869266507324
sindy_weak__d4__m2__n0,sindy_weak,state_only_dynamics,4,2,0.0,512,5.11,16.478342243563205,16.478342243563205,0.0,6.853392435408638,6.853392435408638,6.814214697171923,0.0,1.020959840537677,4.526239516213536,0.0353612462204182,9591296,0,0.001,0,1.2413732763379812,30,1,0,0,nan,0.0004171512481919,0.0003515723500852,0.0012138671429603,0.011765327823001,0.0012138671429603,0.0185353426077972,1.0,0.0002769433445377,0.014053432410677,0.3887429860888788,0.4125781482598395,0.0987554378773389,"[0.8161817747678517, 0.03976835435568749, -14.523543807596125]",0.0081869266507324
sindy_weak_weighted__d4__m0__n0,sindy_weak_weighted,state_only_dynamics,4,0,0.0,512,5.11,16.478342243563205,16.478342243563205,0.0,6.855747381422866,6.855747381422866,6.809647529144328,0.0,1.0210173148691142,4.404106296598911,0.0344070804421789,9591296,0,0.001,0,1.2199423015117643,30,1,0,0,nan,0.0004299864650638,0.0003644367059762,0.0012610948751159,0.0119618112062532,0.0012610948751159,0.0189418379244696,1.0,0.000340798390825,0.0163150511548337,0.4605841078589142,0.4807116570136057,0.0344393173649553,"[0.9167128486529882, -0.012178057761539546, -14.572278401761801]",0.0011895310658446
sindy_weak_weighted__d4__m1__n0,sindy_weak_weighted,state_only_dynamics,4,1,0.0,512,5.11,16.478342243563205,16.478342243563205,0.0,6.855747381422866,6.855747381422866,6.809647529144328,0.0,1.0210173148691142,4.473830776289105,0.0349518029397586,9591296,0,0.001,0,1.2200188785791397,30,1,0,0,nan,0.0004299864650638,0.0003644367059762,0.0012610948751159,0.0119618112062532,0.0012610948751159,0.0189418379244696,1.0,0.000340798390825,0.0163150511548337,0.4605841078589142,0.4807116570136057,0.0344393173649553,"[0.9167128486529882, -0.012178057761539546, -14.572278401761801]",0.0011895310658446
sindy_weak_weighted__d4__m2__n0,sindy_weak_weighted,state_only_dynamics,4,2,0.0,512,5.11,16.478342243563205,16.478342243563205,0.0,6.855747381422866,6.855747381422866,6.809647529144328,0.0,1.0210173148691142,4.443970175459981,0.0347185169957811,9591296,0,0.001,0,1.226231873035431,30,1,0,0,nan,0.0004299864650638,0.0003644367059762,0.0012610948751159,0.0119618112062532,0.0012610948751159,0.0189418379244696,1.0,0.000340798390825,0.0163150511548337,0.4605841078589142,0.4807116570136057,0.0344393173649553,"[0.9167128486529882, -0.012178057761539546, -14.572278401761801]",0.0011895310658446
panda_zero_shot__d5__m0__n0,panda_zero_shot,pretrained_sequence_forecasting,5,0,0.0,512,5.11,16.962462054488284,16.962462054488284,0.0,2.2967859838773284,2.2967859838773284,2.2470466695768003,0.0,1.1308209930374835,2.655130587518215,0.020743207714986,0,120,nan,0,0.0,21354624,0,0,128079872,nan,nan,0.0575534934674567,0.1323579850652507,0.6236282223504683,0.1323579850652507,0.9199910753050612,1.0,0.0593757597611175,0.6974148673798917,2.8957774087529686,3.2728323821914014,3.973313124934916,nan,nan
panda_zero_shot__d5__m1__n0,panda_zero_shot,pretrained_sequence_forecasting,5,1,0.0,512,5.11,16.962462054488284,16.962462054488284,0.0,2.247688927580681,2.247688927580681,2.1648376450800884,0.0,1.1480728055760103,2.6556794811040163,0.0207474959461251,0,120,nan,0,0.0,21354624,0,0,128079872,nan,nan,0.0560313500858706,0.1306399536794202,0.6330396894296848,0.1306399536794202,0.934819023736351,1.0,0.0597878531965758,0.6872758743031037,2.946461158827696,3.2699611823937955,3.6940366398420688,nan,nan
panda_zero_shot__d5__m2__n0,panda_zero_shot,pretrained_sequence_forecasting,5,2,0.0,512,5.11,16.962462054488284,16.962462054488284,0.0,2.3065625779363987,2.3065625779363987,2.2242108294388245,0.0,1.1651743092175535,2.67973212338984,0.0209354072139831,0,120,nan,0,0.0,21354624,0,0,128079872,nan,nan,0.0567936967903819,0.1337159759141909,0.6340822388401572,0.1337159759141909,0.970703484332354,1.0,0.0569670066239254,0.6677743378236559,2.710634851530926,3.061332702950273,3.846524549595006,nan,nan
sindy_weak__d5__m0__n0,sindy_weak,state_only_dynamics,5,0,0.0,512,5.11,16.962462054488284,16.962462054488284,0.0,7.145619827174294,7.145619827174294,6.942095401944587,0.0,1.0593072975028457,4.48678501881659,0.0350530079595046,9877504,0,0.001,0,1.249583464115858,30,1,0,0,nan,0.00043595388902,0.0003983467493415,0.0011458786610226,0.0109593788939295,0.0011458786610226,0.0167461990644499,1.0,0.0010969266728479,0.0072578248936276,0.1290845637033482,0.1343899176235915,0.1444676633130335,"[0.7965019208138368, 0.06341863133563223, -14.52779831562728]",0.0097747179992624
sindy_weak__d5__m1__n0,sindy_weak,state_only_dynamics,5,1,0.0,512,5.11,16.962462054488284,16.962462054488284,0.0,7.145619827174294,7.145619827174294,6.942095401944587,0.0,1.0593072975028457,3.940384028479457,0.0307842502224957,9877504,0,0.001,0,1.213134616613388,30,1,0,0,nan,0.00043595388902,0.0003983467493415,0.0011458786610226,0.0109593788939295,0.0011458786610226,0.0167461990644499,1.0,0.0010969266728479,0.0072578248936276,0.1290845637033482,0.1343899176235915,0.1444676633130335,"[0.7965019208138368, 0.06341863133563223, -14.52779831562728]",0.0097747179992624
sindy_weak__d5__m2__n0,sindy_weak,state_only_dynamics,5,2,0.0,512,5.11,16.962462054488284,16.962462054488284,0.0,7.145619827174294,7.145619827174294,6.942095401944587,0.0,1.0593072975028457,4.558772334828973,0.0356154088658513,9877504,0,0.001,0,1.1190388482064009,30,1,0,0,nan,0.00043595388902,0.0003983467493415,0.0011458786610226,0.0109593788939295,0.0011458786610226,0.0167461990644499,1.0,0.0010969266728479,0.0072578248936276,0.1290845637033482,0.1343899176235915,0.1444676633130335,"[0.7965019208138368, 0.06341863133563223, -14.52779831562728]",0.0097747179992624
sindy_weak_weighted__d5__m0__n0,sindy_weak_weighted,state_only_dynamics,5,0,0.0,512,5.11,16.962462054488284,16.962462054488284,0.0,7.08396305880176,7.08396305880176,6.955796906027372,0.0,1.0625261458563875,4.54805145226419,0.0355316519708139,9877504,0,0.001,0,1.239724040031433,30,1,0,0,nan,0.000418772739218,0.0003945067201114,0.0011658229973005,0.0111851326455204,0.0011658229973005,0.017071525451488,1.0,0.0008920422535318,0.0048307884701351,0.0846291323242712,0.0963028814493674,0.0350126369831568,"[0.7940925600251911, 0.05910923060712522, -14.520986224183629]",0.0099744007701936
sindy_weak_weighted__d5__m1__n0,sindy_weak_weighted,state_only_dynamics,5,1,0.0,512,5.11,16.962462054488284,16.962462054488284,0.0,7.08396305880176,7.08396305880176,6.955796906027372,0.0,1.0625261458563875,4.54524140432477,0.0355096984712872,9877504,0,0.001,0,1.239476827904582,30,1,0,0,nan,0.000418772739218,0.0003945067201114,0.0011658229973005,0.0111851326455204,0.0011658229973005,0.017071525451488,1.0,0.0008920422535318,0.0048307884701351,0.0846291323242712,0.0963028814493674,0.0350126369831568,"[0.7940925600251911, 0.05910923060712522, -14.520986224183629]",0.0099744007701936
sindy_weak_weighted__d5__m2__n0,sindy_weak_weighted,state_only_dynamics,5,2,0.0,512,5.11,16.962462054488284,16.962462054488284,0.0,7.08396305880176,7.08396305880176,6.955796906027372,0.0,1.0625261458563875,4.151632864028215,0.0324346317502204,9877504,0,0.001,0,1.233054619282484,30,1,0,0,nan,0.000418772739218,0.0003945067201114,0.0011658229973005,0.0111851326455204,0.0011658229973005,0.017071525451488,1.0,0.0008920422535318,0.0048307884701351,0.0846291323242712,0.0963028814493674,0.0350126369831568,"[0.7940925600251911, 0.05910923060712522, -14.520986224183629]",0.0099744007701936
